[
    {
        "id": 1,
        "session-id": 7,
        "venue": "Camborne",
        "venue-id": 6,
        "date": "03/11/2017",
        "start-time": "2018-02-14 09:33:47",
        "duration": 60,
        "abstract": "Suspendisse eleifend. Cras sed leo. Cras vehicula aliquet libero. Integer in magna. Phasellus dolor elit, pellentesque a, facilisis non, bibendum sed, est. Nunc",
        "code": "9386D971-8C4A-865B-233D-46557C4CD79A",
        "title": "in lobortis",
        "type": "Public Relations",
        "speaker": 18
    },
    {
        "id": 2,
        "session-id": 10,
        "venue": "Castel di Tora",
        "venue-id": 8,
        "date": "06/15/2017",
        "start-time": "2016-10-20 04:41:05",
        "duration": 60,
        "abstract": "ligula tortor,",
        "code": "9569906D-F7D4-A061-C5B4-F3AF33C16667",
        "title": "enim",
        "type": "Finances",
        "speaker": 60
    },
    {
        "id": 3,
        "session-id": 6,
        "venue": "Ponti",
        "venue-id": 3,
        "date": "07/15/2016",
        "start-time": "2017-05-10 14:22:02",
        "duration": 60,
        "abstract": "Integer in magna. Phasellus dolor elit, pellentesque a, facilisis non, bibendum sed, est. Nunc laoreet lectus quis massa. Mauris vestibulum, neque sed dictum eleifend,",
        "code": "68C9CEDE-B8DA-C4B6-A5D5-9B90C467D265",
        "title": "ac mattis ornare, lectus ante",
        "type": "Public Relations",
        "speaker": 48
    },
    {
        "id": 4,
        "session-id": 10,
        "venue": "Harrogate",
        "venue-id": 10,
        "date": "10/13/2016",
        "start-time": "2017-07-24 03:18:15",
        "duration": 60,
        "abstract": "facilisis eget, ipsum. Donec sollicitudin adipiscing ligula. Aenean gravida nunc sed pede. Cum",
        "code": "237C5AC4-87DE-42F1-D81C-C68EC760B2DF",
        "title": "bibendum ullamcorper. Duis",
        "type": "Sales and Marketing",
        "speaker": 58
    },
    {
        "id": 5,
        "session-id": 9,
        "venue": "Clermont-Ferrand",
        "venue-id": 6,
        "date": "06/15/2017",
        "start-time": "2016-08-08 11:51:30",
        "duration": 60,
        "abstract": "velit. Quisque varius. Nam porttitor scelerisque",
        "code": "EDCE5D4E-C917-733C-72D5-B733733FF400",
        "title": "lectus",
        "type": "Asset Management",
        "speaker": 99
    },
    {
        "id": 6,
        "session-id": 4,
        "venue": "Dorval",
        "venue-id": 8,
        "date": "03/20/2018",
        "start-time": "2017-01-24 11:09:20",
        "duration": 60,
        "abstract": "ut eros non enim commodo hendrerit. Donec porttitor tellus non magna. Nam",
        "code": "68FC8D9F-2B35-3098-166A-694991E06DB7",
        "title": "lorem, auctor quis, tristique ac,",
        "type": "Customer Relations",
        "speaker": 72
    },
    {
        "id": 7,
        "session-id": 2,
        "venue": "Halle",
        "venue-id": 7,
        "date": "02/19/2018",
        "start-time": "2016-10-17 21:10:49",
        "duration": 60,
        "abstract": "massa lobortis ultrices.",
        "code": "976A68AF-C23A-5F2B-6892-910BABA87A42",
        "title": "eu, eleifend nec,",
        "type": "Research and Development",
        "speaker": 56
    },
    {
        "id": 8,
        "session-id": 7,
        "venue": "Bijapur",
        "venue-id": 1,
        "date": "12/16/2017",
        "start-time": "2018-04-07 03:16:12",
        "duration": 60,
        "abstract": "sagittis placerat. Cras dictum ultricies ligula. Nullam enim. Sed nulla",
        "code": "D7B6E18A-214F-2ECC-5C18-52E06CFCC6AD",
        "title": "parturient montes,",
        "type": "Quality Assurance",
        "speaker": 73
    },
    {
        "id": 9,
        "session-id": 4,
        "venue": "East Kilbride",
        "venue-id": 2,
        "date": "03/15/2018",
        "start-time": "2018-01-27 19:21:01",
        "duration": 60,
        "abstract": "Nunc pulvinar arcu et pede. Nunc sed orci lobortis",
        "code": "39D07332-67C9-AB49-5B60-0AA3A2BB2A1E",
        "title": "dolor. Nulla",
        "type": "Asset Management",
        "speaker": 45
    },
    {
        "id": 10,
        "session-id": 8,
        "venue": "Champlain",
        "venue-id": 5,
        "date": "12/25/2017",
        "start-time": "2018-06-20 07:07:18",
        "duration": 60,
        "abstract": "Sed nulla ante, iaculis nec, eleifend non, dapibus rutrum, justo. Praesent luctus. Curabitur egestas nunc sed libero. Proin",
        "code": "ADDB01BA-5224-1E93-D684-805AEF19E37B",
        "title": "scelerisque",
        "type": "Research and Development",
        "speaker": 63
    },
    {
        "id": 11,
        "session-id": 9,
        "venue": "İnegöl",
        "venue-id": 9,
        "date": "01/21/2018",
        "start-time": "2017-10-18 17:50:07",
        "duration": 60,
        "abstract": "mauris erat eget ipsum. Suspendisse sagittis. Nullam vitae diam. Proin dolor. Nulla semper tellus id nunc",
        "code": "7ABD1F8B-F1C8-17F8-3661-9EF583BE71CD",
        "title": "dolor. Fusce mi lorem, vehicula",
        "type": "Payroll",
        "speaker": 82
    },
    {
        "id": 12,
        "session-id": 6,
        "venue": "Burnie",
        "venue-id": 2,
        "date": "12/13/2017",
        "start-time": "2016-10-10 07:53:57",
        "duration": 60,
        "abstract": "Nullam suscipit, est ac facilisis facilisis, magna tellus faucibus leo, in lobortis tellus justo sit amet nulla. Donec non justo. Proin non",
        "code": "756FAD9B-2D34-B671-38A1-06D82A07C176",
        "title": "lacus. Ut nec urna et",
        "type": "Finances",
        "speaker": 15
    },
    {
        "id": 13,
        "session-id": 3,
        "venue": "Ludvika",
        "venue-id": 6,
        "date": "01/06/2017",
        "start-time": "2016-11-22 12:20:45",
        "duration": 60,
        "abstract": "Proin eget",
        "code": "E1B62DBE-716A-7E94-E1B5-E6F1D1BA4DD1",
        "title": "vitae nibh.",
        "type": "Legal Department",
        "speaker": 63
    },
    {
        "id": 14,
        "session-id": 3,
        "venue": "Caledon",
        "venue-id": 3,
        "date": "04/15/2017",
        "start-time": "2018-03-16 09:00:49",
        "duration": 60,
        "abstract": "aliquet odio. Etiam ligula tortor, dictum eu, placerat eget, venenatis a, magna. Lorem ipsum dolor sit amet, consectetuer adipiscing elit. Etiam laoreet, libero et tristique",
        "code": "98834DF1-F78D-4EDC-2DAA-91680B2597F5",
        "title": "arcu.",
        "type": "Customer Relations",
        "speaker": 8
    },
    {
        "id": 15,
        "session-id": 3,
        "venue": "Bauchi",
        "venue-id": 8,
        "date": "05/31/2017",
        "start-time": "2017-12-25 10:12:51",
        "duration": 60,
        "abstract": "amet ante. Vivamus non lorem",
        "code": "4777F4B3-45AB-F63D-441E-B508A9603CE0",
        "title": "vitae, posuere at, velit.",
        "type": "Payroll",
        "speaker": 54
    },
    {
        "id": 16,
        "session-id": 1,
        "venue": "Lang",
        "venue-id": 4,
        "date": "03/18/2018",
        "start-time": "2016-11-25 23:24:11",
        "duration": 60,
        "abstract": "sit amet luctus vulputate, nisi sem semper erat, in consectetuer ipsum nunc id enim. Curabitur massa.",
        "code": "5DCB1968-129E-53E8-C8C3-5DC048D658E7",
        "title": "eros",
        "type": "Customer Relations",
        "speaker": 34
    },
    {
        "id": 17,
        "session-id": 1,
        "venue": "Cholchol",
        "venue-id": 3,
        "date": "06/01/2018",
        "start-time": "2016-10-30 13:32:29",
        "duration": 60,
        "abstract": "eu nibh vulputate mauris sagittis placerat. Cras dictum ultricies ligula. Nullam enim. Sed nulla",
        "code": "C594E0DA-F85F-5B96-2CA9-79E4CF030DFE",
        "title": "interdum. Sed auctor odio",
        "type": "Legal Department",
        "speaker": 73
    },
    {
        "id": 18,
        "session-id": 8,
        "venue": "Portici",
        "venue-id": 8,
        "date": "01/27/2018",
        "start-time": "2017-05-04 04:06:11",
        "duration": 60,
        "abstract": "et arcu imperdiet ullamcorper. Duis at lacus. Quisque purus sapien, gravida non, sollicitudin a, malesuada id, erat. Etiam",
        "code": "6D8A736B-E6C5-2AB8-DFE3-848E068416DE",
        "title": "sem molestie",
        "type": "Human Resources",
        "speaker": 15
    },
    {
        "id": 19,
        "session-id": 8,
        "venue": "Bursa",
        "venue-id": 5,
        "date": "05/25/2018",
        "start-time": "2017-06-27 19:13:04",
        "duration": 60,
        "abstract": "Quisque libero lacus, varius et, euismod et, commodo at, libero. Morbi accumsan laoreet ipsum. Curabitur consequat, lectus sit amet luctus",
        "code": "1FCB0EE8-4150-B659-B545-018D1FD656E6",
        "title": "Sed congue, elit",
        "type": "Customer Relations",
        "speaker": 38
    },
    {
        "id": 20,
        "session-id": 5,
        "venue": "Bihar Sharif",
        "venue-id": 10,
        "date": "06/28/2016",
        "start-time": "2017-03-22 21:42:34",
        "duration": 60,
        "abstract": "id, mollis nec, cursus a, enim. Suspendisse aliquet, sem ut",
        "code": "ADC2424D-65D6-A147-A7E2-733F02D1211D",
        "title": "tortor",
        "type": "Human Resources",
        "speaker": 29
    },
    {
        "id": 21,
        "session-id": 8,
        "venue": "Builth Wells",
        "venue-id": 2,
        "date": "08/05/2016",
        "start-time": "2018-03-09 00:23:56",
        "duration": 60,
        "abstract": "nunc. Quisque",
        "code": "3BEC1870-3699-4206-8D40-DEF18649297F",
        "title": "et magnis dis parturient",
        "type": "Quality Assurance",
        "speaker": 79
    },
    {
        "id": 22,
        "session-id": 10,
        "venue": "Penna San Giovanni",
        "venue-id": 2,
        "date": "01/19/2017",
        "start-time": "2017-06-27 21:34:49",
        "duration": 60,
        "abstract": "semper egestas, urna justo faucibus",
        "code": "2679C101-12A8-3816-356A-3BD87A3A21C1",
        "title": "fermentum arcu. Vestibulum",
        "type": "Customer Relations",
        "speaker": 55
    },
    {
        "id": 23,
        "session-id": 7,
        "venue": "Elmshorn",
        "venue-id": 4,
        "date": "05/25/2018",
        "start-time": "2017-03-10 14:10:18",
        "duration": 60,
        "abstract": "porttitor vulputate, posuere vulputate, lacus. Cras interdum. Nunc sollicitudin commodo ipsum. Suspendisse non",
        "code": "73F367CF-C965-4AAA-7D53-EC8404D34D33",
        "title": "bibendum fermentum metus.",
        "type": "Public Relations",
        "speaker": 32
    },
    {
        "id": 24,
        "session-id": 4,
        "venue": "Coatbridge",
        "venue-id": 5,
        "date": "05/11/2018",
        "start-time": "2016-12-01 06:28:20",
        "duration": 60,
        "abstract": "Aliquam gravida",
        "code": "B0A232A5-43D3-0138-807F-E556D72709B4",
        "title": "leo",
        "type": "Public Relations",
        "speaker": 44
    },
    {
        "id": 25,
        "session-id": 3,
        "venue": "Randazzo",
        "venue-id": 3,
        "date": "03/10/2017",
        "start-time": "2017-06-24 11:35:10",
        "duration": 60,
        "abstract": "sed libero. Proin sed turpis nec mauris blandit mattis. Cras eget nisi dictum",
        "code": "11B80D4A-30E4-219E-FF5F-0EBDDAA42BBC",
        "title": "amet lorem",
        "type": "Customer Relations",
        "speaker": 100
    },
    {
        "id": 26,
        "session-id": 4,
        "venue": "Friedrichshafen",
        "venue-id": 1,
        "date": "02/11/2017",
        "start-time": "2016-11-09 19:40:57",
        "duration": 60,
        "abstract": "ultricies ornare, elit elit fermentum risus, at fringilla purus mauris a nunc. In at pede. Cras vulputate velit eu sem. Pellentesque ut ipsum ac mi",
        "code": "6CED9D02-1A93-E01D-CAE5-3F982D9F0DB6",
        "title": "In at",
        "type": "Research and Development",
        "speaker": 60
    },
    {
        "id": 27,
        "session-id": 6,
        "venue": "College",
        "venue-id": 4,
        "date": "05/03/2017",
        "start-time": "2016-11-30 20:15:51",
        "duration": 60,
        "abstract": "Aenean massa. Integer vitae nibh. Donec est mauris, rhoncus",
        "code": "27EAB51E-E486-8390-3C4B-8ADC4EADFF44",
        "title": "mauris blandit mattis. Cras eget",
        "type": "Asset Management",
        "speaker": 68
    },
    {
        "id": 28,
        "session-id": 10,
        "venue": "Labrecque",
        "venue-id": 7,
        "date": "08/08/2016",
        "start-time": "2018-05-06 11:27:26",
        "duration": 60,
        "abstract": "hendrerit a, arcu. Sed et libero. Proin mi. Aliquam gravida mauris ut mi. Duis risus odio, auctor vitae, aliquet nec, imperdiet",
        "code": "B7A13102-98C0-7759-2A57-1A43B712C606",
        "title": "vulputate eu, odio.",
        "type": "Asset Management",
        "speaker": 41
    },
    {
        "id": 29,
        "session-id": 2,
        "venue": "Hamilton",
        "venue-id": 2,
        "date": "12/10/2016",
        "start-time": "2018-01-19 08:08:14",
        "duration": 60,
        "abstract": "quam, elementum at, egestas a, scelerisque sed, sapien. Nunc",
        "code": "2448C6B1-1955-6DC7-7A31-D3D0D610075A",
        "title": "elit pede,",
        "type": "Public Relations",
        "speaker": 75
    },
    {
        "id": 30,
        "session-id": 3,
        "venue": "Inuvik",
        "venue-id": 5,
        "date": "10/23/2016",
        "start-time": "2017-11-08 22:35:24",
        "duration": 60,
        "abstract": "faucibus leo, in lobortis tellus justo sit amet nulla. Donec non justo. Proin non massa non ante bibendum ullamcorper. Duis cursus, diam at pretium aliquet,",
        "code": "75D7DCAB-5731-0100-B759-1C9629214153",
        "title": "nibh.",
        "type": "Human Resources",
        "speaker": 18
    },
    {
        "id": 31,
        "session-id": 3,
        "venue": "Hattem",
        "venue-id": 3,
        "date": "10/11/2016",
        "start-time": "2017-10-01 13:59:41",
        "duration": 60,
        "abstract": "est, vitae sodales",
        "code": "6EE9B07B-5966-8415-F81B-7738D32260F7",
        "title": "pede",
        "type": "Customer Relations",
        "speaker": 73
    },
    {
        "id": 32,
        "session-id": 5,
        "venue": "Gistel",
        "venue-id": 1,
        "date": "02/09/2018",
        "start-time": "2017-03-25 08:39:26",
        "duration": 60,
        "abstract": "quis turpis vitae purus gravida sagittis. Duis gravida. Praesent eu nulla",
        "code": "D54F88E4-004C-DB52-7A30-A34D2E255FB6",
        "title": "sed,",
        "type": "Public Relations",
        "speaker": 87
    },
    {
        "id": 33,
        "session-id": 4,
        "venue": "Fort Good Hope",
        "venue-id": 6,
        "date": "09/27/2016",
        "start-time": "2017-01-02 10:18:01",
        "duration": 60,
        "abstract": "dolor. Donec fringilla.",
        "code": "434F5CA3-CECF-88E3-2F75-AFFF2A756699",
        "title": "sagittis. Duis gravida. Praesent eu",
        "type": "Customer Service",
        "speaker": 25
    },
    {
        "id": 34,
        "session-id": 10,
        "venue": "Otegem",
        "venue-id": 9,
        "date": "02/05/2017",
        "start-time": "2016-12-08 11:56:56",
        "duration": 60,
        "abstract": "gravida mauris ut mi. Duis risus odio, auctor vitae, aliquet nec, imperdiet nec, leo. Morbi neque tellus, imperdiet non,",
        "code": "B3631E7D-7D84-2CAC-A2A5-30461D5222A6",
        "title": "quis,",
        "type": "Finances",
        "speaker": 15
    },
    {
        "id": 35,
        "session-id": 9,
        "venue": "San Rafael",
        "venue-id": 10,
        "date": "09/17/2016",
        "start-time": "2017-04-01 15:12:45",
        "duration": 60,
        "abstract": "velit dui, semper et, lacinia vitae, sodales at, velit. Pellentesque ultricies dignissim lacus.",
        "code": "839B2FEB-A34F-0BF0-DB58-ACED61BD3504",
        "title": "pellentesque, tellus",
        "type": "Media Relations",
        "speaker": 80
    },
    {
        "id": 36,
        "session-id": 6,
        "venue": "Bicinicco",
        "venue-id": 9,
        "date": "02/22/2018",
        "start-time": "2016-12-07 02:32:13",
        "duration": 60,
        "abstract": "adipiscing fringilla, porttitor vulputate, posuere vulputate, lacus. Cras interdum. Nunc sollicitudin commodo ipsum. Suspendisse non leo. Vivamus nibh dolor,",
        "code": "4466C415-ECD4-3EC7-49CC-AF062D0A2177",
        "title": "fames ac turpis egestas. Fusce",
        "type": "Payroll",
        "speaker": 13
    },
    {
        "id": 37,
        "session-id": 6,
        "venue": "Freire",
        "venue-id": 8,
        "date": "10/11/2017",
        "start-time": "2017-12-23 08:22:05",
        "duration": 60,
        "abstract": "Pellentesque tincidunt tempus risus. Donec egestas. Duis ac arcu. Nunc mauris. Morbi non",
        "code": "2F01DD5B-ABE9-930A-ED48-4348E59648F7",
        "title": "mauris, aliquam eu, accumsan sed,",
        "type": "Tech Support",
        "speaker": 9
    },
    {
        "id": 38,
        "session-id": 1,
        "venue": "Paderborn",
        "venue-id": 7,
        "date": "07/30/2017",
        "start-time": "2017-11-18 00:03:03",
        "duration": 60,
        "abstract": "parturient montes, nascetur ridiculus mus. Donec dignissim magna a tortor. Nunc commodo auctor velit. Aliquam nisl. Nulla eu",
        "code": "8ADF711E-1FC6-32C0-D076-4B2F5041E75A",
        "title": "imperdiet, erat nonummy",
        "type": "Legal Department",
        "speaker": 54
    },
    {
        "id": 39,
        "session-id": 2,
        "venue": "San Clemente",
        "venue-id": 7,
        "date": "07/23/2017",
        "start-time": "2017-07-14 00:33:28",
        "duration": 60,
        "abstract": "facilisis non, bibendum sed, est. Nunc laoreet lectus quis massa. Mauris vestibulum, neque sed dictum",
        "code": "0ACA8056-FAE6-514D-A2A5-3E2432F084DD",
        "title": "libero",
        "type": "Human Resources",
        "speaker": 48
    },
    {
        "id": 40,
        "session-id": 2,
        "venue": "Ely",
        "venue-id": 9,
        "date": "07/16/2017",
        "start-time": "2016-07-02 21:03:44",
        "duration": 60,
        "abstract": "mi eleifend egestas. Sed pharetra, felis eget varius ultrices, mauris ipsum porta elit, a feugiat tellus lorem eu metus. In lorem. Donec elementum, lorem ut",
        "code": "DADA47C9-E34C-56DB-C0D2-13D95CC110F6",
        "title": "nunc interdum feugiat. Sed",
        "type": "Customer Relations",
        "speaker": 41
    },
    {
        "id": 41,
        "session-id": 9,
        "venue": "Wisbech",
        "venue-id": 9,
        "date": "01/13/2017",
        "start-time": "2017-10-16 20:37:39",
        "duration": 60,
        "abstract": "Suspendisse",
        "code": "614B4866-2EE9-019A-FE31-7AC64DB93785",
        "title": "lorem, luctus ut, pellentesque",
        "type": "Media Relations",
        "speaker": 49
    },
    {
        "id": 42,
        "session-id": 6,
        "venue": "Puyehue",
        "venue-id": 3,
        "date": "01/05/2018",
        "start-time": "2016-09-25 01:58:44",
        "duration": 60,
        "abstract": "mattis. Integer eu lacus. Quisque imperdiet, erat nonummy ultricies",
        "code": "D0C42385-5AF2-59AB-1D1B-387BA1A35A65",
        "title": "est, vitae sodales",
        "type": "Media Relations",
        "speaker": 19
    },
    {
        "id": 43,
        "session-id": 5,
        "venue": "Quickborn",
        "venue-id": 7,
        "date": "03/24/2017",
        "start-time": "2017-10-24 13:45:59",
        "duration": 60,
        "abstract": "ligula elit, pretium et, rutrum non, hendrerit id, ante. Nunc mauris sapien, cursus in, hendrerit consectetuer, cursus et,",
        "code": "AE712042-E49E-4847-1FC5-9E0C461822E6",
        "title": "Phasellus",
        "type": "Finances",
        "speaker": 19
    },
    {
        "id": 44,
        "session-id": 6,
        "venue": "Bath",
        "venue-id": 9,
        "date": "11/28/2016",
        "start-time": "2017-10-20 05:53:40",
        "duration": 60,
        "abstract": "Quisque ac libero nec ligula consectetuer",
        "code": "EE98F5BA-52E9-BDB3-9CA0-CD8DE5F44020",
        "title": "fames",
        "type": "Accounting",
        "speaker": 28
    },
    {
        "id": 45,
        "session-id": 9,
        "venue": "Hérouville-Saint-Clair",
        "venue-id": 4,
        "date": "12/24/2017",
        "start-time": "2018-05-08 07:53:35",
        "duration": 60,
        "abstract": "purus mauris a nunc. In at pede. Cras vulputate velit eu sem. Pellentesque ut ipsum ac mi eleifend egestas. Sed pharetra, felis eget",
        "code": "E28A542F-B454-5D1B-49FF-BEEB378F06B2",
        "title": "suscipit,",
        "type": "Advertising",
        "speaker": 9
    },
    {
        "id": 46,
        "session-id": 3,
        "venue": "San Juan de Dios",
        "venue-id": 4,
        "date": "11/30/2017",
        "start-time": "2017-11-29 10:16:16",
        "duration": 60,
        "abstract": "natoque penatibus et magnis dis parturient montes, nascetur ridiculus mus. Proin vel nisl. Quisque fringilla euismod enim. Etiam gravida molestie arcu.",
        "code": "69B26FDC-DE8B-9470-238A-071A0DF479E2",
        "title": "Quisque ornare tortor",
        "type": "Research and Development",
        "speaker": 64
    },
    {
        "id": 47,
        "session-id": 5,
        "venue": "Rotterdam",
        "venue-id": 2,
        "date": "06/23/2017",
        "start-time": "2018-06-27 20:10:37",
        "duration": 60,
        "abstract": "vulputate, lacus. Cras interdum. Nunc sollicitudin commodo ipsum. Suspendisse non leo. Vivamus nibh dolor, nonummy ac, feugiat non,",
        "code": "1369364A-4A11-C40F-DA96-08B410583099",
        "title": "erat eget ipsum. Suspendisse",
        "type": "Quality Assurance",
        "speaker": 46
    },
    {
        "id": 48,
        "session-id": 8,
        "venue": "Merksem",
        "venue-id": 7,
        "date": "08/07/2016",
        "start-time": "2017-03-16 01:13:54",
        "duration": 60,
        "abstract": "purus gravida sagittis. Duis gravida. Praesent eu nulla at",
        "code": "873B2CDE-8949-8E3B-AA6B-B03EF47A5D3D",
        "title": "eget",
        "type": "Media Relations",
        "speaker": 65
    },
    {
        "id": 49,
        "session-id": 6,
        "venue": "Jammu",
        "venue-id": 8,
        "date": "08/09/2017",
        "start-time": "2017-09-23 19:34:55",
        "duration": 60,
        "abstract": "consectetuer adipiscing elit. Curabitur sed tortor. Integer aliquam adipiscing lacus.",
        "code": "780E1A85-9E04-277B-49E1-E7BEEB7A078B",
        "title": "justo",
        "type": "Sales and Marketing",
        "speaker": 14
    },
    {
        "id": 50,
        "session-id": 7,
        "venue": "Fort Wayne",
        "venue-id": 4,
        "date": "06/14/2018",
        "start-time": "2017-09-01 17:15:33",
        "duration": 60,
        "abstract": "tortor",
        "code": "DB6304C6-0DBF-C1A0-11A4-77DD00AD0D1C",
        "title": "feugiat. Lorem ipsum dolor sit",
        "type": "Media Relations",
        "speaker": 45
    },
    {
        "id": 51,
        "session-id": 1,
        "venue": "Weiz",
        "venue-id": 5,
        "date": "09/14/2017",
        "start-time": "2017-07-31 05:23:58",
        "duration": 60,
        "abstract": "mi enim, condimentum eget, volutpat ornare, facilisis",
        "code": "A1DD9076-30F3-9505-920C-B01A7178F4B8",
        "title": "justo",
        "type": "Payroll",
        "speaker": 39
    },
    {
        "id": 52,
        "session-id": 10,
        "venue": "Cranbrook",
        "venue-id": 3,
        "date": "08/06/2016",
        "start-time": "2018-01-23 11:19:18",
        "duration": 60,
        "abstract": "bibendum sed, est. Nunc laoreet lectus quis massa. Mauris vestibulum, neque sed dictum eleifend,",
        "code": "BF204B84-5AC1-03C3-FF99-A3342FFB4CB4",
        "title": "purus ac tellus. Suspendisse",
        "type": "Customer Service",
        "speaker": 62
    },
    {
        "id": 53,
        "session-id": 4,
        "venue": "Canning",
        "venue-id": 4,
        "date": "02/11/2017",
        "start-time": "2018-01-18 19:56:22",
        "duration": 60,
        "abstract": "nascetur ridiculus mus. Donec dignissim magna a tortor. Nunc commodo auctor velit. Aliquam nisl. Nulla eu neque pellentesque massa lobortis",
        "code": "BB44E618-0BA5-AD3C-DF27-807049BE60DD",
        "title": "egestas nunc sed libero.",
        "type": "Legal Department",
        "speaker": 50
    },
    {
        "id": 54,
        "session-id": 9,
        "venue": "Autelbas",
        "venue-id": 2,
        "date": "10/08/2016",
        "start-time": "2017-07-24 03:01:39",
        "duration": 60,
        "abstract": "consequat purus. Maecenas libero est, congue a, aliquet vel, vulputate eu, odio.",
        "code": "581E3677-3E0D-EE3D-E97A-78132666F9C9",
        "title": "tellus.",
        "type": "Quality Assurance",
        "speaker": 55
    },
    {
        "id": 55,
        "session-id": 6,
        "venue": "Utrecht",
        "venue-id": 1,
        "date": "01/12/2017",
        "start-time": "2017-03-27 10:20:49",
        "duration": 60,
        "abstract": "neque pellentesque massa lobortis ultrices. Vivamus rhoncus. Donec est. Nunc ullamcorper,",
        "code": "EFA28EAB-A4C1-D8C8-CFA1-2F7F1EA0F147",
        "title": "lacus vestibulum lorem, sit amet",
        "type": "Finances",
        "speaker": 88
    },
    {
        "id": 56,
        "session-id": 1,
        "venue": "Curridabat",
        "venue-id": 5,
        "date": "11/14/2016",
        "start-time": "2017-04-25 18:28:19",
        "duration": 60,
        "abstract": "consequat dolor vitae dolor. Donec fringilla. Donec feugiat metus sit amet ante. Vivamus non lorem vitae odio sagittis semper. Nam tempor diam",
        "code": "2ADA3EAB-FF88-0D48-0766-25C5667EA4EE",
        "title": "massa lobortis ultrices. Vivamus rhoncus.",
        "type": "Sales and Marketing",
        "speaker": 74
    },
    {
        "id": 57,
        "session-id": 9,
        "venue": "San Sostene",
        "venue-id": 9,
        "date": "03/19/2017",
        "start-time": "2016-09-20 10:16:16",
        "duration": 60,
        "abstract": "leo, in lobortis tellus justo sit amet nulla. Donec non justo. Proin non",
        "code": "84DAD5F3-48E4-2FC5-0F71-58E7FCA7052C",
        "title": "libero nec",
        "type": "Research and Development",
        "speaker": 79
    },
    {
        "id": 58,
        "session-id": 10,
        "venue": "Boo",
        "venue-id": 10,
        "date": "05/31/2017",
        "start-time": "2017-07-05 14:23:54",
        "duration": 60,
        "abstract": "Nam",
        "code": "39616EC0-3436-51CF-5E2F-5D6D6DCC9D8D",
        "title": "ornare sagittis felis.",
        "type": "Tech Support",
        "speaker": 26
    },
    {
        "id": 59,
        "session-id": 9,
        "venue": "Essene",
        "venue-id": 10,
        "date": "10/17/2016",
        "start-time": "2018-03-21 09:15:14",
        "duration": 60,
        "abstract": "adipiscing, enim mi tempor lorem, eget mollis lectus pede et risus. Quisque libero lacus, varius et, euismod et, commodo at,",
        "code": "3CD6A8FC-59F8-95A1-C70C-7B22CDFBE18E",
        "title": "sed pede. Cum",
        "type": "Tech Support",
        "speaker": 35
    },
    {
        "id": 60,
        "session-id": 4,
        "venue": "Witney",
        "venue-id": 4,
        "date": "01/02/2018",
        "start-time": "2016-09-18 09:37:29",
        "duration": 60,
        "abstract": "turpis nec mauris blandit mattis. Cras eget nisi dictum augue malesuada malesuada. Integer id magna et ipsum",
        "code": "C9641613-26E6-5CEF-EF24-76E112B02CBC",
        "title": "nec tempus scelerisque, lorem ipsum",
        "type": "Quality Assurance",
        "speaker": 69
    },
    {
        "id": 61,
        "session-id": 7,
        "venue": "Pratovecchio",
        "venue-id": 7,
        "date": "10/11/2017",
        "start-time": "2017-08-07 06:56:26",
        "duration": 60,
        "abstract": "nunc risus varius orci, in consequat enim diam vel arcu. Curabitur ut odio vel est tempor bibendum.",
        "code": "42907F23-67FE-DACE-E135-A307418CF887",
        "title": "Fusce mollis. Duis",
        "type": "Sales and Marketing",
        "speaker": 24
    },
    {
        "id": 62,
        "session-id": 3,
        "venue": "Rhayader",
        "venue-id": 8,
        "date": "11/28/2017",
        "start-time": "2017-06-20 14:53:53",
        "duration": 60,
        "abstract": "sit amet luctus vulputate, nisi sem semper erat, in consectetuer",
        "code": "D3493C03-ADC1-6CF5-311E-F68E16E016C1",
        "title": "eu dolor egestas",
        "type": "Payroll",
        "speaker": 50
    },
    {
        "id": 63,
        "session-id": 1,
        "venue": "Castelvecchio Calvisio",
        "venue-id": 7,
        "date": "02/12/2018",
        "start-time": "2018-01-23 10:23:32",
        "duration": 60,
        "abstract": "Curabitur massa. Vestibulum accumsan neque et nunc. Quisque ornare tortor at risus. Nunc ac",
        "code": "BA5917B2-B2C5-F343-60F3-ECD67F7F6AD7",
        "title": "Aliquam nisl.",
        "type": "Customer Service",
        "speaker": 22
    },
    {
        "id": 64,
        "session-id": 9,
        "venue": "Sint-Laureins-Berchem",
        "venue-id": 7,
        "date": "04/21/2017",
        "start-time": "2017-05-18 19:37:29",
        "duration": 60,
        "abstract": "ullamcorper, nisl arcu iaculis enim, sit amet ornare lectus justo eu arcu. Morbi sit amet massa. Quisque porttitor eros nec tellus.",
        "code": "54EDDB51-8615-E1CA-1887-6FAD6421F15A",
        "title": "a purus. Duis elementum, dui",
        "type": "Legal Department",
        "speaker": 88
    },
    {
        "id": 65,
        "session-id": 5,
        "venue": "College",
        "venue-id": 7,
        "date": "04/03/2017",
        "start-time": "2016-12-16 04:47:11",
        "duration": 60,
        "abstract": "Cras interdum. Nunc sollicitudin commodo ipsum. Suspendisse non leo. Vivamus nibh dolor, nonummy ac, feugiat non,",
        "code": "1F44C981-8437-F8DA-5CEB-0895C255AE04",
        "title": "sapien. Aenean massa. Integer",
        "type": "Sales and Marketing",
        "speaker": 1
    },
    {
        "id": 66,
        "session-id": 10,
        "venue": "San Cesario di Lecce",
        "venue-id": 7,
        "date": "01/20/2018",
        "start-time": "2017-12-09 16:48:57",
        "duration": 60,
        "abstract": "diam vel arcu. Curabitur ut odio vel est tempor bibendum. Donec felis orci, adipiscing",
        "code": "3418A6F9-35E2-9507-AA4F-067EF41A7084",
        "title": "vulputate, posuere vulputate,",
        "type": "Human Resources",
        "speaker": 100
    },
    {
        "id": 67,
        "session-id": 3,
        "venue": "Pomarico",
        "venue-id": 1,
        "date": "02/09/2018",
        "start-time": "2017-09-19 15:16:07",
        "duration": 60,
        "abstract": "odio sagittis semper. Nam tempor diam dictum sapien.",
        "code": "ADB6601A-4271-36B5-887D-891EFED1E9EB",
        "title": "ipsum. Suspendisse non leo.",
        "type": "Legal Department",
        "speaker": 54
    },
    {
        "id": 68,
        "session-id": 10,
        "venue": "Gloucester",
        "venue-id": 9,
        "date": "02/19/2017",
        "start-time": "2017-09-17 00:16:52",
        "duration": 60,
        "abstract": "egestas a, dui. Cras pellentesque. Sed dictum. Proin eget odio. Aliquam vulputate ullamcorper magna. Sed eu eros. Nam consequat dolor vitae dolor.",
        "code": "7ECF59B2-E9D4-C7B6-B570-C59548B730A1",
        "title": "lectus",
        "type": "Public Relations",
        "speaker": 46
    },
    {
        "id": 69,
        "session-id": 10,
        "venue": "Esen",
        "venue-id": 6,
        "date": "11/16/2016",
        "start-time": "2017-12-25 21:12:13",
        "duration": 60,
        "abstract": "a, auctor non, feugiat nec, diam. Duis",
        "code": "107DDCED-B348-2D9C-FBD7-CAC6306201D3",
        "title": "Aliquam adipiscing",
        "type": "Customer Relations",
        "speaker": 94
    },
    {
        "id": 70,
        "session-id": 2,
        "venue": "Ibadan",
        "venue-id": 1,
        "date": "11/28/2016",
        "start-time": "2017-11-19 22:59:03",
        "duration": 60,
        "abstract": "Nullam velit dui, semper et,",
        "code": "009B8D4A-327E-A64A-7EA6-FC88D6E55F7B",
        "title": "diam luctus",
        "type": "Public Relations",
        "speaker": 39
    },
    {
        "id": 71,
        "session-id": 6,
        "venue": "Grand-Leez",
        "venue-id": 4,
        "date": "05/19/2018",
        "start-time": "2016-09-15 07:12:26",
        "duration": 60,
        "abstract": "enim, gravida sit amet, dapibus id, blandit at, nisi. Cum sociis natoque penatibus et",
        "code": "042AA0F7-28CE-E112-8239-B0548C7F77CF",
        "title": "felis eget varius ultrices, mauris",
        "type": "Payroll",
        "speaker": 90
    },
    {
        "id": 72,
        "session-id": 5,
        "venue": "Cartagena",
        "venue-id": 2,
        "date": "04/08/2017",
        "start-time": "2018-05-19 04:02:01",
        "duration": 60,
        "abstract": "ipsum primis in faucibus orci luctus et ultrices",
        "code": "84652D58-B623-1340-6179-602723F45017",
        "title": "ut",
        "type": "Tech Support",
        "speaker": 52
    },
    {
        "id": 73,
        "session-id": 6,
        "venue": "Offida",
        "venue-id": 5,
        "date": "11/18/2017",
        "start-time": "2016-12-20 11:22:54",
        "duration": 60,
        "abstract": "lacus vestibulum lorem, sit amet ultricies",
        "code": "9D1DF0B6-592D-7D4C-DF25-9DF0B471CBB1",
        "title": "et, commodo",
        "type": "Quality Assurance",
        "speaker": 42
    },
    {
        "id": 74,
        "session-id": 4,
        "venue": "Nimy",
        "venue-id": 7,
        "date": "06/13/2017",
        "start-time": "2017-08-30 02:07:31",
        "duration": 60,
        "abstract": "lorem. Donec elementum, lorem ut aliquam iaculis, lacus pede sagittis augue, eu tempor erat",
        "code": "A7D7F10F-7F0B-56EE-6A26-85BD4696F3DE",
        "title": "Aliquam ornare, libero",
        "type": "Customer Relations",
        "speaker": 55
    },
    {
        "id": 75,
        "session-id": 10,
        "venue": "Shreveport",
        "venue-id": 4,
        "date": "10/29/2016",
        "start-time": "2017-10-30 02:20:49",
        "duration": 60,
        "abstract": "nascetur ridiculus mus. Proin vel nisl. Quisque fringilla euismod enim. Etiam gravida molestie arcu. Sed",
        "code": "C678AF2A-4C61-8BB3-54FA-851044495E6C",
        "title": "Sed",
        "type": "Quality Assurance",
        "speaker": 81
    },
    {
        "id": 76,
        "session-id": 7,
        "venue": "Omaha",
        "venue-id": 6,
        "date": "03/03/2018",
        "start-time": "2017-05-15 02:31:34",
        "duration": 60,
        "abstract": "posuere cubilia Curae; Donec",
        "code": "44166C22-8C75-B3C7-4C97-FBB84B0069FA",
        "title": "Nam interdum",
        "type": "Research and Development",
        "speaker": 41
    },
    {
        "id": 77,
        "session-id": 5,
        "venue": "Kumluca",
        "venue-id": 7,
        "date": "07/23/2016",
        "start-time": "2017-09-22 02:58:06",
        "duration": 60,
        "abstract": "convallis in, cursus et,",
        "code": "C3B7FCC4-1179-0B79-D3BA-B340DBDE2F7D",
        "title": "ac urna. Ut tincidunt vehicula",
        "type": "Human Resources",
        "speaker": 83
    },
    {
        "id": 78,
        "session-id": 4,
        "venue": "Mogliano",
        "venue-id": 4,
        "date": "12/09/2016",
        "start-time": "2017-09-16 16:32:29",
        "duration": 60,
        "abstract": "dui, nec tempus mauris erat eget ipsum. Suspendisse sagittis. Nullam vitae",
        "code": "377DE710-A713-88A2-FBB4-C09A6556DF68",
        "title": "ornare tortor at",
        "type": "Finances",
        "speaker": 35
    },
    {
        "id": 79,
        "session-id": 2,
        "venue": "Vlimmeren",
        "venue-id": 7,
        "date": "11/04/2017",
        "start-time": "2017-04-01 21:20:49",
        "duration": 60,
        "abstract": "suscipit, est ac",
        "code": "BB9499F2-8BC2-0135-0BA9-31134E55274D",
        "title": "Cras vulputate",
        "type": "Asset Management",
        "speaker": 81
    },
    {
        "id": 80,
        "session-id": 8,
        "venue": "Sint-Gillis-bij-Dendermonde",
        "venue-id": 4,
        "date": "10/18/2016",
        "start-time": "2016-08-19 03:44:08",
        "duration": 60,
        "abstract": "ante dictum mi, ac mattis velit justo nec ante. Maecenas mi felis,",
        "code": "861563FF-FFD2-CEE2-62B3-FDD8E94697C0",
        "title": "dolor. Quisque tincidunt pede",
        "type": "Advertising",
        "speaker": 43
    },
    {
        "id": 81,
        "session-id": 7,
        "venue": "Baiso",
        "venue-id": 7,
        "date": "09/30/2017",
        "start-time": "2018-02-03 08:38:08",
        "duration": 60,
        "abstract": "sem, consequat nec, mollis vitae, posuere at, velit. Cras lorem lorem, luctus ut, pellentesque eget, dictum",
        "code": "56A4FE59-B784-CCE0-56A1-54F646639DC7",
        "title": "lacinia at, iaculis",
        "type": "Quality Assurance",
        "speaker": 5
    },
    {
        "id": 82,
        "session-id": 4,
        "venue": "Montelupo Fiorentino",
        "venue-id": 5,
        "date": "08/06/2017",
        "start-time": "2017-04-23 21:39:57",
        "duration": 60,
        "abstract": "enim, sit amet ornare lectus justo eu arcu. Morbi sit amet massa. Quisque porttitor eros nec tellus. Nunc lectus pede, ultrices a, auctor",
        "code": "D5E5A5BE-7CAD-7097-14D6-BC927DA24437",
        "title": "aliquet odio.",
        "type": "Public Relations",
        "speaker": 8
    },
    {
        "id": 83,
        "session-id": 3,
        "venue": "Starachowice",
        "venue-id": 6,
        "date": "03/18/2017",
        "start-time": "2017-05-04 12:44:40",
        "duration": 60,
        "abstract": "mauris id sapien. Cras dolor dolor, tempus non, lacinia at, iaculis quis, pede. Praesent eu dui. Cum sociis natoque penatibus",
        "code": "9B0CA3D5-F71B-0FE7-9C26-B4183271268F",
        "title": "nunc, ullamcorper",
        "type": "Asset Management",
        "speaker": 5
    },
    {
        "id": 84,
        "session-id": 3,
        "venue": "Balurghat",
        "venue-id": 6,
        "date": "08/15/2017",
        "start-time": "2017-04-08 14:18:10",
        "duration": 60,
        "abstract": "mauris sagittis placerat. Cras dictum ultricies ligula. Nullam",
        "code": "5E07B849-46B5-A9A3-239F-B09185C82AAD",
        "title": "adipiscing elit. Aliquam auctor, velit",
        "type": "Finances",
        "speaker": 7
    },
    {
        "id": 85,
        "session-id": 2,
        "venue": "Serik",
        "venue-id": 4,
        "date": "09/19/2016",
        "start-time": "2016-07-25 12:34:46",
        "duration": 60,
        "abstract": "ac urna. Ut tincidunt vehicula risus. Nulla eget metus eu erat semper rutrum. Fusce dolor quam, elementum at, egestas a, scelerisque sed,",
        "code": "33C48D77-78E5-BEB9-7B80-6D8881927BA6",
        "title": "ipsum",
        "type": "Media Relations",
        "speaker": 51
    },
    {
        "id": 86,
        "session-id": 8,
        "venue": "Wah",
        "venue-id": 3,
        "date": "11/16/2016",
        "start-time": "2017-03-12 04:01:14",
        "duration": 60,
        "abstract": "In condimentum. Donec at arcu. Vestibulum ante ipsum primis in faucibus orci luctus",
        "code": "FBB03109-8D0A-1BAF-CD12-E5683CBC4BE0",
        "title": "quis, pede. Suspendisse",
        "type": "Research and Development",
        "speaker": 4
    },
    {
        "id": 87,
        "session-id": 5,
        "venue": "Glenrothes",
        "venue-id": 1,
        "date": "08/06/2016",
        "start-time": "2017-07-11 22:09:24",
        "duration": 60,
        "abstract": "Nulla facilisi. Sed neque. Sed eget lacus. Mauris non dui nec urna suscipit nonummy. Fusce fermentum fermentum arcu.",
        "code": "5CB36864-3E59-6A9A-A6FC-F3AA00BD6DB2",
        "title": "bibendum sed, est. Nunc",
        "type": "Sales and Marketing",
        "speaker": 7
    },
    {
        "id": 88,
        "session-id": 6,
        "venue": "Schriek",
        "venue-id": 7,
        "date": "09/20/2016",
        "start-time": "2016-11-25 05:19:55",
        "duration": 60,
        "abstract": "accumsan neque et nunc. Quisque ornare tortor at risus. Nunc ac sem ut dolor dapibus gravida. Aliquam tincidunt, nunc ac mattis ornare, lectus ante",
        "code": "A7858A80-383D-7635-C1C4-6F92DCBE6004",
        "title": "euismod in, dolor. Fusce feugiat.",
        "type": "Legal Department",
        "speaker": 32
    },
    {
        "id": 89,
        "session-id": 3,
        "venue": "Rijkevorsel",
        "venue-id": 9,
        "date": "01/15/2018",
        "start-time": "2018-03-19 00:54:17",
        "duration": 60,
        "abstract": "Nulla facilisi. Sed neque. Sed eget lacus. Mauris non dui nec urna suscipit nonummy. Fusce fermentum fermentum arcu. Vestibulum ante ipsum primis in faucibus orci",
        "code": "0260051D-DE70-BAC8-5D8E-2AB9CA679E31",
        "title": "tellus, imperdiet non, vestibulum",
        "type": "Customer Relations",
        "speaker": 68
    },
    {
        "id": 90,
        "session-id": 4,
        "venue": "Lens-Saint-Remy",
        "venue-id": 10,
        "date": "08/01/2017",
        "start-time": "2017-08-13 12:16:38",
        "duration": 60,
        "abstract": "scelerisque dui. Suspendisse ac metus vitae velit egestas lacinia.",
        "code": "57BD1FD7-4DB4-17D8-51FB-CA9636EDF6A8",
        "title": "velit egestas",
        "type": "Research and Development",
        "speaker": 56
    },
    {
        "id": 91,
        "session-id": 1,
        "venue": "Edremit",
        "venue-id": 8,
        "date": "11/27/2017",
        "start-time": "2018-06-16 09:21:46",
        "duration": 60,
        "abstract": "nonummy ipsum non arcu. Vivamus sit amet risus. Donec egestas. Aliquam",
        "code": "250FC0BD-5F73-E19D-64C0-B9E428D71F14",
        "title": "gravida sagittis.",
        "type": "Asset Management",
        "speaker": 100
    },
    {
        "id": 92,
        "session-id": 5,
        "venue": "St. Catharines",
        "venue-id": 3,
        "date": "04/13/2018",
        "start-time": "2016-07-28 17:30:53",
        "duration": 60,
        "abstract": "elit pede, malesuada vel, venenatis vel, faucibus id, libero. Donec consectetuer mauris id sapien. Cras dolor dolor, tempus non, lacinia at, iaculis",
        "code": "4B5DC9C7-7109-7C1C-306B-065AB58C5B93",
        "title": "semper,",
        "type": "Customer Relations",
        "speaker": 1
    },
    {
        "id": 93,
        "session-id": 9,
        "venue": "Malbaie",
        "venue-id": 10,
        "date": "12/24/2016",
        "start-time": "2016-07-22 13:16:26",
        "duration": 60,
        "abstract": "tristique senectus et netus et malesuada fames ac turpis egestas. Fusce aliquet magna a neque. Nullam ut nisi a odio semper",
        "code": "88803178-4C87-9D76-2E7B-44C67DE6E26F",
        "title": "eu, eleifend nec, malesuada",
        "type": "Quality Assurance",
        "speaker": 75
    },
    {
        "id": 94,
        "session-id": 4,
        "venue": "Fossato di Vico",
        "venue-id": 1,
        "date": "07/23/2016",
        "start-time": "2017-07-21 21:55:37",
        "duration": 60,
        "abstract": "egestas. Aliquam nec enim. Nunc ut erat. Sed",
        "code": "D2DDAB31-A1B4-30B6-4AF3-4765402BC937",
        "title": "tempus risus. Donec",
        "type": "Customer Service",
        "speaker": 2
    },
    {
        "id": 95,
        "session-id": 8,
        "venue": "Heikruis",
        "venue-id": 4,
        "date": "07/10/2017",
        "start-time": "2017-02-05 15:02:31",
        "duration": 60,
        "abstract": "purus. Nullam scelerisque neque sed sem egestas blandit. Nam nulla magna, malesuada vel, convallis in, cursus et, eros. Proin ultrices. Duis",
        "code": "DA9F74AA-A3E2-64E6-D9EC-607506070B61",
        "title": "Phasellus libero mauris, aliquam eu,",
        "type": "Customer Service",
        "speaker": 8
    },
    {
        "id": 96,
        "session-id": 8,
        "venue": "Antofagasta",
        "venue-id": 8,
        "date": "05/10/2017",
        "start-time": "2016-09-08 22:47:48",
        "duration": 60,
        "abstract": "Vestibulum ante ipsum primis in faucibus orci luctus et ultrices posuere cubilia Curae; Donec tincidunt. Donec",
        "code": "3DC28C15-6961-947B-8BCE-69177F715C08",
        "title": "nisi.",
        "type": "Payroll",
        "speaker": 90
    },
    {
        "id": 97,
        "session-id": 3,
        "venue": "Campochiaro",
        "venue-id": 7,
        "date": "05/09/2018",
        "start-time": "2017-05-20 18:26:18",
        "duration": 60,
        "abstract": "adipiscing elit. Curabitur sed tortor. Integer aliquam adipiscing lacus. Ut nec urna et arcu imperdiet ullamcorper. Duis at lacus. Quisque purus sapien, gravida",
        "code": "3E82EE01-AAAF-C08B-2401-8F01E4EB2F2E",
        "title": "elit elit fermentum risus, at",
        "type": "Research and Development",
        "speaker": 72
    },
    {
        "id": 98,
        "session-id": 1,
        "venue": "Gianico",
        "venue-id": 3,
        "date": "12/13/2016",
        "start-time": "2017-01-24 01:38:44",
        "duration": 60,
        "abstract": "nascetur ridiculus mus. Aenean eget magna. Suspendisse tristique neque venenatis lacus. Etiam bibendum fermentum metus. Aenean sed pede nec ante blandit viverra. Donec tempus, lorem",
        "code": "611A8B8E-8772-1556-439E-B8988A853C03",
        "title": "massa non",
        "type": "Research and Development",
        "speaker": 92
    },
    {
        "id": 99,
        "session-id": 4,
        "venue": "Le Mans",
        "venue-id": 8,
        "date": "05/18/2018",
        "start-time": "2017-08-03 11:33:29",
        "duration": 60,
        "abstract": "vitae",
        "code": "890F4E4A-27EA-5C5D-8B40-1DAAB8E3FC05",
        "title": "semper auctor. Mauris",
        "type": "Payroll",
        "speaker": 82
    },
    {
        "id": 100,
        "session-id": 6,
        "venue": "Sant'Eufemia a Maiella",
        "venue-id": 8,
        "date": "05/22/2017",
        "start-time": "2018-04-30 17:28:04",
        "duration": 60,
        "abstract": "et malesuada fames ac turpis egestas. Aliquam fringilla cursus purus. Nullam scelerisque neque sed sem egestas blandit. Nam nulla magna,",
        "code": "6E168E19-4B92-ECD8-01C6-6B4FC55C68FE",
        "title": "et tristique pellentesque, tellus",
        "type": "Human Resources",
        "speaker": 55
    },
    {
        "id": 101,
        "session-id": 1,
        "venue": "VIP Center",
        "venue-id": 8,
        "date": "06/30/2017",
        "start-time": "2017-06-30 11:00:00",
        "duration": 60,
        "abstract": "A discussion of how to get more performance from you HR system",
        "code": "6E168E19-4B92-ECD8-01C6-7B4FC55C68FE",
        "title": "How to get more from your HR system",
        "type": "Human Resources",
        "speaker": 55,
        "vipOnly": true
    }
]
