[
    {
        "id": 1,
        "first-name": "Fulton",
        "last-name": "Lucas",
        "bio": "eros. Nam consequat dolor vitae",
        "organisation": "Sagittis Felis LLC",
        "title": "Mr."
    },
    {
        "id": 2,
        "first-name": "Indigo",
        "last-name": "Byers",
        "bio": "Sed auctor odio a purus. Duis elementum, dui quis accumsan convallis, ante lectus convallis est, vitae sodales nisi magna sed dui. Fusce aliquam, enim nec tempus scelerisque, lorem ipsum sodales purus, in",
        "organisation": "Sagittis Limited",
        "title": "Dr."
    },
    {
        "id": 3,
        "first-name": "Linda",
        "last-name": "Hampton",
        "bio": "Phasellus dapibus quam quis diam. Pellentesque habitant morbi tristique senectus et netus et malesuada fames ac turpis egestas. Fusce aliquet magna a neque.",
        "organisation": "Ut Nulla Cras Company",
        "title": "Mr."
    },
    {
        "id": 4,
        "first-name": "Phelan",
        "last-name": "Haynes",
        "bio": "viverra. Donec tempus, lorem fringilla ornare placerat, orci lacus vestibulum lorem, sit amet ultricies sem magna nec quam. Curabitur vel lectus. Cum sociis natoque penatibus et magnis dis parturient montes, nascetur ridiculus mus. Donec dignissim magna a tortor. Nunc commodo auctor velit. Aliquam nisl. Nulla eu",
        "organisation": "Aliquam Ultrices Iaculis Associates",
        "title": "Mrs."
    },
    {
        "id": 5,
        "first-name": "Russell",
        "last-name": "Mcdonald",
        "bio": "non dui nec urna suscipit nonummy. Fusce fermentum fermentum arcu. Vestibulum ante ipsum primis in faucibus orci luctus et ultrices posuere cubilia Curae; Phasellus ornare. Fusce mollis. Duis sit amet diam eu dolor",
        "organisation": "Dui Nec Corporation",
        "title": "Mr."
    },
    {
        "id": 6,
        "first-name": "Lev",
        "last-name": "Roberts",
        "bio": "ac sem ut dolor dapibus",
        "organisation": "Luctus Foundation",
        "title": "Ms."
    },
    {
        "id": 7,
        "first-name": "MacKenzie",
        "last-name": "Hendricks",
        "bio": "Curae; Phasellus ornare. Fusce mollis. Duis sit amet diam eu dolor egestas rhoncus. Proin nisl sem, consequat nec, mollis vitae, posuere at, velit. Cras lorem lorem, luctus ut, pellentesque eget, dictum placerat, augue. Sed molestie. Sed id risus",
        "organisation": "Suspendisse Dui Fusce LLP",
        "title": "Ms."
    },
    {
        "id": 8,
        "first-name": "Louis",
        "last-name": "Sims",
        "bio": "fringilla mi lacinia mattis. Integer eu lacus. Quisque imperdiet, erat nonummy ultricies ornare, elit elit fermentum risus, at fringilla purus mauris a nunc. In at pede. Cras vulputate velit eu sem. Pellentesque ut ipsum ac mi eleifend egestas.",
        "organisation": "Tempus PC",
        "title": "Mrs."
    },
    {
        "id": 9,
        "first-name": "Mohammad",
        "last-name": "Michael",
        "bio": "commodo auctor velit. Aliquam nisl. Nulla eu neque pellentesque massa lobortis ultrices. Vivamus rhoncus. Donec est. Nunc ullamcorper, velit in aliquet lobortis, nisi nibh lacinia orci,",
        "organisation": "Mus Proin Limited",
        "title": "Ms."
    },
    {
        "id": 10,
        "first-name": "Abraham",
        "last-name": "Weber",
        "bio": "dolor sit amet, consectetuer adipiscing elit. Etiam laoreet, libero et tristique pellentesque, tellus sem mollis dui, in sodales elit erat vitae risus. Duis a",
        "organisation": "Magna Corp.",
        "title": "Mrs."
    },
    {
        "id": 11,
        "first-name": "Jin",
        "last-name": "Miranda",
        "bio": "eu tempor erat neque non quam. Pellentesque habitant morbi tristique senectus et",
        "organisation": "Sed Dictum Proin Inc.",
        "title": "Mr."
    },
    {
        "id": 12,
        "first-name": "Murphy",
        "last-name": "Gilliam",
        "bio": "nec urna et arcu imperdiet ullamcorper. Duis at lacus. Quisque purus sapien, gravida non, sollicitudin a, malesuada id, erat. Etiam vestibulum massa rutrum magna. Cras convallis",
        "organisation": "Sed Dictum Proin Foundation",
        "title": ""
    },
    {
        "id": 13,
        "first-name": "Lysandra",
        "last-name": "Ray",
        "bio": "rutrum. Fusce dolor quam, elementum at, egestas a, scelerisque sed, sapien. Nunc pulvinar arcu et pede. Nunc sed orci lobortis augue scelerisque mollis. Phasellus libero mauris, aliquam eu, accumsan sed, facilisis vitae, orci. Phasellus dapibus quam quis diam. Pellentesque habitant",
        "organisation": "Augue Ltd",
        "title": "Dr."
    },
    {
        "id": 14,
        "first-name": "Quamar",
        "last-name": "Gill",
        "bio": "egestas blandit. Nam nulla magna, malesuada vel, convallis in, cursus et, eros. Proin ultrices. Duis volutpat nunc sit amet metus. Aliquam erat volutpat. Nulla facilisis. Suspendisse",
        "organisation": "Sit Amet Corporation",
        "title": "Mr."
    },
    {
        "id": 15,
        "first-name": "Ali",
        "last-name": "Durham",
        "bio": "Aliquam ultrices iaculis odio. Nam interdum enim non",
        "organisation": "Ante Dictum Institute",
        "title": "Ms."
    },
    {
        "id": 16,
        "first-name": "Ryan",
        "last-name": "Reeves",
        "bio": "lacinia at, iaculis quis, pede. Praesent eu dui. Cum sociis natoque penatibus et magnis dis parturient montes, nascetur ridiculus mus. Aenean eget magna. Suspendisse tristique neque venenatis lacus. Etiam bibendum",
        "organisation": "Neque Non Consulting",
        "title": "Ms."
    },
    {
        "id": 17,
        "first-name": "Jacqueline",
        "last-name": "Bernard",
        "bio": "a, malesuada id, erat. Etiam vestibulum massa rutrum magna. Cras convallis",
        "organisation": "Risus A Ultricies Company",
        "title": ""
    },
    {
        "id": 18,
        "first-name": "Sage",
        "last-name": "Dixon",
        "bio": "Duis a mi fringilla mi lacinia mattis. Integer eu lacus. Quisque imperdiet, erat nonummy ultricies ornare, elit elit fermentum risus, at fringilla purus mauris a nunc. In at pede. Cras vulputate velit eu sem. Pellentesque ut ipsum ac mi eleifend egestas. Sed pharetra, felis eget varius ultrices,",
        "organisation": "Parturient PC",
        "title": "Ms."
    },
    {
        "id": 19,
        "first-name": "Craig",
        "last-name": "Roman",
        "bio": "malesuada fames ac turpis egestas. Fusce aliquet magna a neque. Nullam ut nisi a odio semper cursus. Integer mollis. Integer tincidunt aliquam arcu. Aliquam ultrices iaculis odio. Nam interdum enim non nisi. Aenean eget metus. In nec orci. Donec nibh. Quisque",
        "organisation": "In Condimentum Donec Associates",
        "title": ""
    },
    {
        "id": 20,
        "first-name": "Neville",
        "last-name": "Burris",
        "bio": "augue scelerisque mollis. Phasellus libero mauris, aliquam eu, accumsan sed, facilisis vitae, orci. Phasellus dapibus quam quis diam. Pellentesque habitant morbi tristique senectus et netus et malesuada fames ac turpis egestas.",
        "organisation": "Vitae Inc.",
        "title": "Ms."
    },
    {
        "id": 21,
        "first-name": "Wyoming",
        "last-name": "Mays",
        "bio": "tincidunt aliquam arcu. Aliquam ultrices iaculis odio. Nam interdum enim non nisi. Aenean eget metus. In nec",
        "organisation": "Cursus Et Magna LLP",
        "title": "Mrs."
    },
    {
        "id": 22,
        "first-name": "Meghan",
        "last-name": "Joyner",
        "bio": "ac, eleifend vitae, erat. Vivamus nisi. Mauris nulla. Integer urna. Vivamus molestie dapibus ligula. Aliquam erat volutpat. Nulla dignissim. Maecenas ornare egestas ligula. Nullam feugiat placerat velit. Quisque varius. Nam porttitor",
        "organisation": "Iaculis Company",
        "title": "Ms."
    },
    {
        "id": 23,
        "first-name": "Jacob",
        "last-name": "Burnett",
        "bio": "nostra, per inceptos hymenaeos. Mauris ut quam vel sapien imperdiet ornare. In",
        "organisation": "Eu Ltd",
        "title": "Mr."
    },
    {
        "id": 24,
        "first-name": "Signe",
        "last-name": "Hatfield",
        "bio": "malesuada fames ac turpis egestas. Fusce aliquet magna a neque. Nullam ut nisi a odio semper cursus. Integer mollis. Integer tincidunt aliquam arcu. Aliquam ultrices iaculis odio. Nam interdum enim non nisi.",
        "organisation": "Odio Aliquam Incorporated",
        "title": "Mr."
    },
    {
        "id": 25,
        "first-name": "Abbot",
        "last-name": "Blanchard",
        "bio": "mauris a nunc. In at pede. Cras vulputate velit eu sem. Pellentesque ut ipsum ac",
        "organisation": "Nulla Integer Associates",
        "title": "Mr."
    },
    {
        "id": 26,
        "first-name": "Thor",
        "last-name": "Erickson",
        "bio": "Sed et libero. Proin mi. Aliquam gravida mauris ut",
        "organisation": "Nulla Facilisis Suspendisse LLC",
        "title": "Mrs."
    },
    {
        "id": 27,
        "first-name": "Lewis",
        "last-name": "Lloyd",
        "bio": "magna. Duis dignissim tempor arcu. Vestibulum ut eros non enim commodo hendrerit. Donec porttitor tellus non magna. Nam ligula elit, pretium et, rutrum non, hendrerit id, ante. Nunc mauris sapien, cursus in, hendrerit consectetuer, cursus et, magna. Praesent interdum ligula eu enim. Etiam imperdiet dictum",
        "organisation": "Pharetra Sed Associates",
        "title": "Dr."
    },
    {
        "id": 28,
        "first-name": "Tamekah",
        "last-name": "Head",
        "bio": "Nulla facilisis. Suspendisse commodo tincidunt nibh. Phasellus nulla. Integer vulputate, risus a ultricies adipiscing, enim mi tempor lorem, eget mollis lectus pede et risus. Quisque libero lacus, varius et, euismod et, commodo at, libero. Morbi accumsan laoreet",
        "organisation": "Aliquet Lobortis Nisi LLC",
        "title": "Ms."
    },
    {
        "id": 29,
        "first-name": "Gail",
        "last-name": "Barrera",
        "bio": "Donec consectetuer mauris id sapien. Cras dolor dolor, tempus non, lacinia at, iaculis quis, pede. Praesent eu dui. Cum sociis natoque penatibus et magnis dis parturient montes, nascetur ridiculus mus. Aenean",
        "organisation": "Mauris Associates",
        "title": "Ms."
    },
    {
        "id": 30,
        "first-name": "Caryn",
        "last-name": "Haley",
        "bio": "Phasellus ornare. Fusce",
        "organisation": "Facilisis Vitae Orci PC",
        "title": "Dr."
    },
    {
        "id": 31,
        "first-name": "Penelope",
        "last-name": "Drake",
        "bio": "pharetra. Nam ac nulla. In tincidunt congue turpis. In condimentum.",
        "organisation": "Leo Elementum Sem Limited",
        "title": "Mr."
    },
    {
        "id": 32,
        "first-name": "August",
        "last-name": "Livingston",
        "bio": "pharetra ut, pharetra sed, hendrerit a, arcu. Sed et libero.",
        "organisation": "Congue A Corporation",
        "title": ""
    },
    {
        "id": 33,
        "first-name": "Eaton",
        "last-name": "Patton",
        "bio": "eu dui.",
        "organisation": "Rutrum Non Inc.",
        "title": "Mrs."
    },
    {
        "id": 34,
        "first-name": "Yuri",
        "last-name": "Burt",
        "bio": "magna sed dui. Fusce aliquam, enim nec tempus scelerisque, lorem ipsum sodales purus, in molestie",
        "organisation": "Molestie Sodales Mauris Corporation",
        "title": "Mrs."
    },
    {
        "id": 35,
        "first-name": "Whoopi",
        "last-name": "Lancaster",
        "bio": "Integer in magna. Phasellus dolor elit, pellentesque a, facilisis non, bibendum sed, est. Nunc laoreet lectus quis massa. Mauris vestibulum, neque",
        "organisation": "Sodales Purus Institute",
        "title": "Ms."
    },
    {
        "id": 36,
        "first-name": "Francesca",
        "last-name": "Delaney",
        "bio": "sit amet, consectetuer adipiscing elit. Etiam laoreet, libero et tristique pellentesque, tellus sem mollis dui, in sodales elit erat vitae risus. Duis a mi fringilla mi lacinia mattis. Integer eu lacus. Quisque imperdiet, erat nonummy ultricies ornare, elit elit fermentum risus, at fringilla purus mauris a",
        "organisation": "Elit Pede Company",
        "title": "Ms."
    },
    {
        "id": 37,
        "first-name": "Lacey",
        "last-name": "Finley",
        "bio": "in faucibus orci luctus et ultrices posuere cubilia Curae; Donec tincidunt. Donec vitae erat vel pede blandit congue. In scelerisque scelerisque dui. Suspendisse ac metus vitae velit egestas lacinia. Sed congue,",
        "organisation": "Vulputate Risus A LLC",
        "title": ""
    },
    {
        "id": 38,
        "first-name": "Shaine",
        "last-name": "Decker",
        "bio": "mi, ac mattis velit justo nec ante. Maecenas mi felis, adipiscing fringilla, porttitor",
        "organisation": "Nascetur Limited",
        "title": ""
    },
    {
        "id": 39,
        "first-name": "McKenzie",
        "last-name": "Mullins",
        "bio": "Integer aliquam adipiscing lacus. Ut nec urna et arcu imperdiet ullamcorper. Duis at lacus. Quisque purus sapien,",
        "organisation": "Ligula Industries",
        "title": "Ms."
    },
    {
        "id": 40,
        "first-name": "Griffith",
        "last-name": "Oneil",
        "bio": "dui, in sodales elit erat vitae risus.",
        "organisation": "Quisque Nonummy PC",
        "title": "Dr."
    },
    {
        "id": 41,
        "first-name": "Xantha",
        "last-name": "Herman",
        "bio": "viverra. Maecenas iaculis aliquet diam. Sed diam lorem, auctor quis, tristique ac, eleifend vitae, erat. Vivamus nisi. Mauris nulla. Integer urna. Vivamus molestie dapibus ligula. Aliquam erat volutpat. Nulla dignissim. Maecenas",
        "organisation": "Pellentesque Consulting",
        "title": "Mr."
    },
    {
        "id": 42,
        "first-name": "Rigel",
        "last-name": "Taylor",
        "bio": "nisi a odio semper cursus. Integer mollis. Integer tincidunt aliquam arcu. Aliquam ultrices iaculis odio. Nam interdum enim non nisi. Aenean eget metus. In nec orci. Donec nibh. Quisque nonummy ipsum non arcu. Vivamus sit amet risus. Donec egestas. Aliquam nec enim. Nunc ut erat. Sed nunc est, mollis non,",
        "organisation": "Tempor Bibendum Incorporated",
        "title": "Ms."
    },
    {
        "id": 43,
        "first-name": "Julie",
        "last-name": "Hinton",
        "bio": "cursus luctus, ipsum leo elementum sem, vitae aliquam eros turpis non enim. Mauris quis turpis vitae purus gravida sagittis. Duis gravida. Praesent eu nulla at sem molestie sodales. Mauris blandit enim consequat purus. Maecenas libero est,",
        "organisation": "Cum Ltd",
        "title": "Dr."
    },
    {
        "id": 44,
        "first-name": "Abra",
        "last-name": "Mercer",
        "bio": "Nullam velit dui, semper et, lacinia vitae, sodales at, velit. Pellentesque ultricies dignissim lacus. Aliquam rutrum lorem ac risus. Morbi metus. Vivamus euismod urna. Nullam lobortis quam a felis ullamcorper viverra. Maecenas iaculis aliquet",
        "organisation": "Velit In LLP",
        "title": "Mrs."
    },
    {
        "id": 45,
        "first-name": "Dean",
        "last-name": "Rose",
        "bio": "mi fringilla mi lacinia mattis. Integer eu lacus. Quisque imperdiet, erat nonummy ultricies ornare, elit elit fermentum risus, at fringilla purus mauris",
        "organisation": "Velit Incorporated",
        "title": "Mrs."
    },
    {
        "id": 46,
        "first-name": "Alan",
        "last-name": "Wise",
        "bio": "elementum, dui quis accumsan convallis, ante lectus convallis est, vitae sodales nisi magna sed dui. Fusce aliquam, enim nec tempus scelerisque, lorem ipsum sodales purus, in molestie tortor nibh sit amet orci. Ut",
        "organisation": "Donec Ltd",
        "title": "Dr."
    },
    {
        "id": 47,
        "first-name": "Fitzgerald",
        "last-name": "Snider",
        "bio": "enim mi tempor lorem, eget mollis lectus pede et risus. Quisque libero lacus, varius et, euismod et, commodo at, libero. Morbi accumsan laoreet ipsum. Curabitur consequat, lectus sit amet luctus vulputate, nisi sem semper erat, in consectetuer ipsum nunc id enim. Curabitur massa. Vestibulum accumsan neque et nunc.",
        "organisation": "Adipiscing Ligula Aenean Inc.",
        "title": "Dr."
    },
    {
        "id": 48,
        "first-name": "Anastasia",
        "last-name": "Moore",
        "bio": "leo. Cras vehicula aliquet libero. Integer in magna. Phasellus dolor elit, pellentesque a, facilisis non, bibendum sed, est. Nunc laoreet lectus quis",
        "organisation": "Porta LLP",
        "title": "Mr."
    },
    {
        "id": 49,
        "first-name": "Ori",
        "last-name": "Lee",
        "bio": "vel sapien imperdiet ornare. In faucibus. Morbi vehicula. Pellentesque tincidunt tempus risus. Donec egestas. Duis ac arcu. Nunc mauris. Morbi non sapien molestie orci tincidunt adipiscing. Mauris molestie pharetra nibh. Aliquam ornare, libero at auctor ullamcorper, nisl arcu iaculis enim, sit amet ornare lectus justo eu arcu.",
        "organisation": "In Scelerisque Associates",
        "title": "Ms."
    },
    {
        "id": 50,
        "first-name": "Chase",
        "last-name": "Dickerson",
        "bio": "iaculis enim, sit amet ornare lectus justo eu arcu. Morbi sit amet massa. Quisque porttitor eros nec tellus. Nunc lectus pede, ultrices a, auctor non, feugiat nec, diam. Duis mi enim, condimentum eget, volutpat ornare, facilisis eget,",
        "organisation": "Molestie Tellus Aenean Limited",
        "title": "Dr."
    },
    {
        "id": 51,
        "first-name": "Doris",
        "last-name": "Ellis",
        "bio": "Praesent luctus. Curabitur egestas nunc sed libero. Proin sed turpis nec mauris blandit mattis. Cras eget nisi dictum augue malesuada malesuada. Integer id magna et ipsum cursus vestibulum. Mauris magna. Duis dignissim tempor arcu. Vestibulum",
        "organisation": "Nisi Sem Semper Ltd",
        "title": "Dr."
    },
    {
        "id": 52,
        "first-name": "Jada",
        "last-name": "Warner",
        "bio": "aliquet. Phasellus fermentum convallis ligula. Donec luctus aliquet odio. Etiam ligula tortor, dictum eu, placerat eget, venenatis a, magna. Lorem ipsum dolor sit amet, consectetuer adipiscing elit. Etiam laoreet, libero et tristique pellentesque, tellus sem mollis dui, in sodales",
        "organisation": "Est Vitae LLP",
        "title": ""
    },
    {
        "id": 53,
        "first-name": "Mariam",
        "last-name": "Chandler",
        "bio": "dictum eu, eleifend nec, malesuada ut, sem. Nulla",
        "organisation": "At Industries",
        "title": ""
    },
    {
        "id": 54,
        "first-name": "Daquan",
        "last-name": "Klein",
        "bio": "ac turpis egestas. Fusce aliquet magna a neque. Nullam ut nisi a odio semper cursus. Integer mollis. Integer tincidunt aliquam arcu. Aliquam ultrices iaculis odio. Nam interdum enim non nisi. Aenean",
        "organisation": "Rutrum PC",
        "title": "Ms."
    },
    {
        "id": 55,
        "first-name": "Edan",
        "last-name": "Rice",
        "bio": "Nunc laoreet lectus quis massa. Mauris vestibulum, neque sed dictum eleifend, nunc risus varius orci, in consequat enim diam vel arcu. Curabitur ut odio vel est tempor bibendum. Donec felis orci, adipiscing non, luctus sit",
        "organisation": "Pellentesque Ut Ipsum Ltd",
        "title": ""
    },
    {
        "id": 56,
        "first-name": "Ocean",
        "last-name": "Mckee",
        "bio": "molestie. Sed id risus quis diam luctus lobortis. Class aptent taciti sociosqu ad litora torquent per conubia nostra, per inceptos hymenaeos. Mauris ut quam vel sapien imperdiet ornare. In faucibus. Morbi vehicula. Pellentesque tincidunt tempus risus. Donec egestas. Duis ac arcu. Nunc mauris. Morbi non sapien molestie orci",
        "organisation": "Id Enim Ltd",
        "title": "Ms."
    },
    {
        "id": 57,
        "first-name": "Finn",
        "last-name": "Santana",
        "bio": "ornare placerat, orci lacus vestibulum lorem, sit amet ultricies sem magna nec quam. Curabitur vel lectus. Cum sociis natoque penatibus et magnis dis parturient montes, nascetur ridiculus mus. Donec dignissim magna a tortor. Nunc commodo auctor velit. Aliquam nisl. Nulla eu neque",
        "organisation": "Viverra Maecenas Iaculis Limited",
        "title": "Dr."
    },
    {
        "id": 58,
        "first-name": "Gail",
        "last-name": "Dillard",
        "bio": "dictum magna. Ut tincidunt orci quis lectus. Nullam suscipit, est ac facilisis facilisis, magna tellus",
        "organisation": "Nunc Sollicitudin Commodo Foundation",
        "title": "Mr."
    },
    {
        "id": 59,
        "first-name": "Beau",
        "last-name": "Case",
        "bio": "eu eros. Nam consequat dolor vitae dolor. Donec fringilla. Donec feugiat metus sit amet ante.",
        "organisation": "Sed Nulla Ante Corp.",
        "title": "Dr."
    },
    {
        "id": 60,
        "first-name": "Nero",
        "last-name": "Porter",
        "bio": "nisl sem, consequat nec,",
        "organisation": "Auctor Ullamcorper Nisl Institute",
        "title": "Mr."
    },
    {
        "id": 61,
        "first-name": "Patricia",
        "last-name": "Preston",
        "bio": "congue. In scelerisque scelerisque dui. Suspendisse ac metus vitae velit egestas lacinia. Sed congue, elit sed consequat auctor, nunc nulla vulputate dui,",
        "organisation": "Ullamcorper Viverra Maecenas Limited",
        "title": "Mr."
    },
    {
        "id": 62,
        "first-name": "Kareem",
        "last-name": "Blake",
        "bio": "pulvinar arcu et pede. Nunc sed orci lobortis augue scelerisque mollis. Phasellus libero mauris, aliquam eu, accumsan sed, facilisis vitae, orci. Phasellus dapibus",
        "organisation": "Duis Gravida Praesent Company",
        "title": "Ms."
    },
    {
        "id": 63,
        "first-name": "Carla",
        "last-name": "Dunn",
        "bio": "velit justo nec ante. Maecenas mi felis, adipiscing fringilla,",
        "organisation": "Mi Tempor Foundation",
        "title": "Mr."
    },
    {
        "id": 64,
        "first-name": "Caleb",
        "last-name": "Raymond",
        "bio": "nec ante. Maecenas mi felis, adipiscing fringilla, porttitor vulputate,",
        "organisation": "Tincidunt Tempus Risus Incorporated",
        "title": ""
    },
    {
        "id": 65,
        "first-name": "Nicole",
        "last-name": "Williamson",
        "bio": "at risus. Nunc ac sem ut dolor dapibus gravida. Aliquam tincidunt, nunc ac mattis ornare, lectus ante dictum mi, ac mattis velit justo nec ante. Maecenas mi felis, adipiscing fringilla, porttitor",
        "organisation": "Euismod Et Company",
        "title": ""
    },
    {
        "id": 66,
        "first-name": "Colt",
        "last-name": "Navarro",
        "bio": "velit justo nec ante. Maecenas mi felis, adipiscing fringilla, porttitor vulputate, posuere vulputate, lacus. Cras interdum. Nunc sollicitudin commodo ipsum. Suspendisse non leo. Vivamus nibh dolor, nonummy ac, feugiat non, lobortis quis, pede. Suspendisse dui. Fusce diam nunc, ullamcorper eu, euismod ac, fermentum vel, mauris. Integer",
        "organisation": "Tincidunt Orci Incorporated",
        "title": "Mrs."
    },
    {
        "id": 67,
        "first-name": "Alden",
        "last-name": "Gibson",
        "bio": "adipiscing elit. Etiam laoreet, libero et tristique pellentesque, tellus sem mollis dui, in sodales elit erat vitae risus. Duis a mi",
        "organisation": "Cras Dolor Dolor Foundation",
        "title": "Dr."
    },
    {
        "id": 68,
        "first-name": "Palmer",
        "last-name": "Hawkins",
        "bio": "eu nibh vulputate mauris sagittis placerat. Cras dictum ultricies ligula. Nullam enim. Sed nulla ante, iaculis nec, eleifend non, dapibus rutrum, justo. Praesent luctus. Curabitur egestas nunc sed libero. Proin sed turpis nec mauris blandit mattis. Cras eget nisi dictum",
        "organisation": "Tincidunt Institute",
        "title": "Mr."
    },
    {
        "id": 69,
        "first-name": "Violet",
        "last-name": "Bender",
        "bio": "erat volutpat. Nulla facilisis. Suspendisse commodo tincidunt nibh. Phasellus nulla. Integer vulputate, risus a ultricies adipiscing, enim mi tempor",
        "organisation": "Vivamus Ltd",
        "title": "Mrs."
    },
    {
        "id": 70,
        "first-name": "Eagan",
        "last-name": "Burks",
        "bio": "arcu. Sed et libero. Proin mi. Aliquam gravida mauris ut mi. Duis risus odio, auctor vitae, aliquet nec, imperdiet nec, leo. Morbi neque",
        "organisation": "Aliquam Eu Accumsan Company",
        "title": ""
    },
    {
        "id": 71,
        "first-name": "Faith",
        "last-name": "Mayer",
        "bio": "velit justo nec ante. Maecenas mi felis, adipiscing fringilla, porttitor vulputate, posuere vulputate, lacus. Cras interdum. Nunc sollicitudin commodo",
        "organisation": "Fames Industries",
        "title": "Mrs."
    },
    {
        "id": 72,
        "first-name": "Lucy",
        "last-name": "Mcdowell",
        "bio": "massa. Mauris vestibulum, neque sed dictum eleifend, nunc risus varius orci, in consequat enim diam vel arcu. Curabitur ut odio vel est tempor bibendum. Donec felis orci, adipiscing non, luctus sit amet, faucibus ut, nulla. Cras eu tellus eu augue porttitor interdum. Sed auctor odio a purus.",
        "organisation": "Non Arcu Vivamus Foundation",
        "title": "Dr."
    },
    {
        "id": 73,
        "first-name": "Blake",
        "last-name": "Hurst",
        "bio": "eu erat semper rutrum. Fusce dolor quam, elementum at, egestas a, scelerisque sed, sapien. Nunc",
        "organisation": "Tellus Aenean Egestas Company",
        "title": "Ms."
    },
    {
        "id": 74,
        "first-name": "Fiona",
        "last-name": "Gibson",
        "bio": "diam. Sed diam lorem, auctor quis, tristique ac, eleifend vitae, erat. Vivamus",
        "organisation": "Proin Eget Odio Corp.",
        "title": "Mr."
    },
    {
        "id": 75,
        "first-name": "Daniel",
        "last-name": "Maxwell",
        "bio": "amet ornare lectus justo eu arcu. Morbi sit amet massa. Quisque porttitor eros nec tellus. Nunc lectus pede, ultrices a, auctor non, feugiat nec, diam.",
        "organisation": "Ante Vivamus Limited",
        "title": "Mr."
    },
    {
        "id": 76,
        "first-name": "Kyle",
        "last-name": "Green",
        "bio": "massa. Mauris vestibulum, neque sed dictum eleifend, nunc risus varius orci, in consequat enim diam vel arcu. Curabitur ut odio vel est tempor bibendum. Donec felis orci, adipiscing non, luctus sit amet, faucibus ut, nulla. Cras eu tellus eu augue porttitor interdum. Sed auctor odio",
        "organisation": "Accumsan Interdum Inc.",
        "title": "Ms."
    },
    {
        "id": 77,
        "first-name": "Brielle",
        "last-name": "Kaufman",
        "bio": "Pellentesque habitant morbi tristique senectus",
        "organisation": "At Auctor Ullamcorper Industries",
        "title": ""
    },
    {
        "id": 78,
        "first-name": "Robert",
        "last-name": "Randall",
        "bio": "nec urna et arcu imperdiet ullamcorper. Duis at lacus. Quisque purus sapien, gravida non, sollicitudin a, malesuada id, erat. Etiam vestibulum massa rutrum magna. Cras convallis convallis dolor. Quisque tincidunt pede",
        "organisation": "Dolor Fusce Feugiat Corp.",
        "title": "Mrs."
    },
    {
        "id": 79,
        "first-name": "Jemima",
        "last-name": "Clements",
        "bio": "orci, adipiscing non, luctus sit amet, faucibus ut, nulla. Cras eu tellus eu augue porttitor interdum. Sed auctor odio a purus. Duis elementum, dui quis accumsan convallis, ante lectus convallis est, vitae sodales nisi magna sed dui. Fusce aliquam, enim nec tempus scelerisque, lorem",
        "organisation": "Vestibulum Consulting",
        "title": "Mrs."
    },
    {
        "id": 80,
        "first-name": "Lucius",
        "last-name": "Fitzpatrick",
        "bio": "lorem ut aliquam iaculis, lacus pede sagittis augue, eu tempor erat neque non quam. Pellentesque habitant morbi tristique senectus et netus et malesuada fames ac turpis egestas. Aliquam fringilla cursus purus. Nullam scelerisque neque sed sem egestas blandit. Nam nulla magna, malesuada vel, convallis",
        "organisation": "Fringilla Institute",
        "title": "Ms."
    },
    {
        "id": 81,
        "first-name": "Raven",
        "last-name": "Downs",
        "bio": "dolor, nonummy ac, feugiat non, lobortis quis, pede. Suspendisse dui. Fusce diam nunc, ullamcorper eu, euismod ac, fermentum vel, mauris. Integer",
        "organisation": "Lobortis Risus Industries",
        "title": "Dr."
    },
    {
        "id": 82,
        "first-name": "Joelle",
        "last-name": "Roberts",
        "bio": "Nulla interdum. Curabitur dictum. Phasellus in felis. Nulla tempor augue ac ipsum. Phasellus",
        "organisation": "Ut Tincidunt Vehicula Inc.",
        "title": "Mr."
    },
    {
        "id": 83,
        "first-name": "Fallon",
        "last-name": "Owens",
        "bio": "luctus vulputate, nisi sem semper erat, in consectetuer ipsum nunc id enim. Curabitur massa. Vestibulum accumsan neque et nunc. Quisque ornare tortor at risus. Nunc ac sem ut dolor dapibus gravida. Aliquam tincidunt, nunc ac mattis ornare, lectus ante dictum mi, ac mattis velit justo nec ante. Maecenas mi felis,",
        "organisation": "Orci Institute",
        "title": "Dr."
    },
    {
        "id": 84,
        "first-name": "Reagan",
        "last-name": "Berg",
        "bio": "varius. Nam porttitor scelerisque neque. Nullam nisl. Maecenas malesuada fringilla est. Mauris eu turpis. Nulla aliquet. Proin velit. Sed malesuada augue ut lacus. Nulla tincidunt, neque vitae semper egestas, urna justo faucibus lectus, a sollicitudin orci sem eget",
        "organisation": "Interdum Curabitur Consulting",
        "title": "Mrs."
    },
    {
        "id": 85,
        "first-name": "Camille",
        "last-name": "Conrad",
        "bio": "mauris, aliquam eu, accumsan sed, facilisis vitae, orci. Phasellus dapibus quam quis diam. Pellentesque habitant morbi tristique senectus et netus et malesuada fames ac turpis egestas. Fusce aliquet magna",
        "organisation": "Aliquet PC",
        "title": ""
    },
    {
        "id": 86,
        "first-name": "Germaine",
        "last-name": "Mcmahon",
        "bio": "orci, adipiscing non, luctus sit amet,",
        "organisation": "Taciti Sociosqu Corp.",
        "title": "Dr."
    },
    {
        "id": 87,
        "first-name": "Tanner",
        "last-name": "Ramsey",
        "bio": "mauris. Morbi non sapien molestie orci tincidunt adipiscing. Mauris molestie pharetra nibh. Aliquam ornare, libero at auctor ullamcorper, nisl arcu iaculis enim,",
        "organisation": "Sit Consulting",
        "title": "Mr."
    },
    {
        "id": 88,
        "first-name": "Cassady",
        "last-name": "Little",
        "bio": "Aliquam rutrum lorem ac risus. Morbi metus. Vivamus euismod urna. Nullam lobortis quam a felis ullamcorper viverra. Maecenas iaculis aliquet diam. Sed diam lorem, auctor quis, tristique ac, eleifend vitae, erat. Vivamus nisi. Mauris nulla. Integer urna. Vivamus molestie dapibus ligula. Aliquam erat volutpat. Nulla dignissim. Maecenas ornare",
        "organisation": "Primis Incorporated",
        "title": "Mr."
    },
    {
        "id": 89,
        "first-name": "Noel",
        "last-name": "Richard",
        "bio": "Sed diam lorem, auctor quis, tristique ac, eleifend vitae, erat. Vivamus nisi. Mauris nulla. Integer urna. Vivamus",
        "organisation": "Volutpat Nunc Sit Limited",
        "title": "Dr."
    },
    {
        "id": 90,
        "first-name": "Echo",
        "last-name": "Levy",
        "bio": "gravida molestie arcu. Sed eu nibh",
        "organisation": "A Ltd",
        "title": "Dr."
    },
    {
        "id": 91,
        "first-name": "Renee",
        "last-name": "Gamble",
        "bio": "Quisque",
        "organisation": "Accumsan Laoreet Corp.",
        "title": ""
    },
    {
        "id": 92,
        "first-name": "Nora",
        "last-name": "Manning",
        "bio": "ultrices, mauris ipsum porta elit, a feugiat tellus lorem eu metus. In lorem. Donec",
        "organisation": "Tincidunt Congue Turpis Company",
        "title": "Mrs."
    },
    {
        "id": 93,
        "first-name": "Odessa",
        "last-name": "Barron",
        "bio": "justo eu arcu. Morbi sit amet massa. Quisque porttitor eros nec tellus. Nunc lectus pede, ultrices a, auctor non, feugiat nec, diam. Duis mi enim, condimentum eget, volutpat ornare, facilisis",
        "organisation": "Parturient Montes Limited",
        "title": ""
    },
    {
        "id": 94,
        "first-name": "Illiana",
        "last-name": "Payne",
        "bio": "nascetur ridiculus",
        "organisation": "Praesent Associates",
        "title": "Ms."
    },
    {
        "id": 95,
        "first-name": "Brenden",
        "last-name": "Christensen",
        "bio": "commodo hendrerit. Donec porttitor tellus non magna. Nam ligula elit, pretium et, rutrum non, hendrerit id, ante. Nunc mauris sapien, cursus in, hendrerit consectetuer, cursus et, magna. Praesent interdum ligula eu enim. Etiam imperdiet dictum magna. Ut tincidunt orci quis lectus. Nullam suscipit, est ac facilisis facilisis, magna",
        "organisation": "Cum Institute",
        "title": "Mr."
    },
    {
        "id": 96,
        "first-name": "Bryar",
        "last-name": "Fields",
        "bio": "quam, elementum at, egestas a, scelerisque sed, sapien. Nunc pulvinar arcu et pede. Nunc sed orci lobortis augue scelerisque mollis. Phasellus libero mauris, aliquam eu, accumsan sed,",
        "organisation": "Donec PC",
        "title": "Dr."
    },
    {
        "id": 97,
        "first-name": "Malachi",
        "last-name": "Byers",
        "bio": "massa. Quisque porttitor eros nec tellus. Nunc lectus pede, ultrices a, auctor non, feugiat nec, diam. Duis mi enim, condimentum eget, volutpat ornare, facilisis eget,",
        "organisation": "Bibendum Institute",
        "title": "Ms."
    },
    {
        "id": 98,
        "first-name": "Quin",
        "last-name": "Jones",
        "bio": "enim mi tempor lorem, eget mollis lectus pede et risus. Quisque libero lacus, varius et, euismod et, commodo at, libero. Morbi accumsan laoreet ipsum. Curabitur consequat, lectus sit amet",
        "organisation": "Facilisis Institute",
        "title": "Dr."
    },
    {
        "id": 99,
        "first-name": "Elton",
        "last-name": "Jones",
        "bio": "turpis vitae purus gravida sagittis. Duis gravida. Praesent eu nulla at sem molestie sodales. Mauris blandit enim consequat purus. Maecenas libero est, congue a, aliquet vel, vulputate",
        "organisation": "Ante Bibendum Corporation",
        "title": "Ms."
    },
    {
        "id": 100,
        "first-name": "Ima",
        "last-name": "Burns",
        "bio": "tincidunt aliquam arcu. Aliquam ultrices iaculis odio. Nam interdum enim non nisi. Aenean eget metus. In nec orci. Donec nibh. Quisque nonummy ipsum non arcu. Vivamus sit amet risus. Donec egestas. Aliquam nec enim. Nunc ut erat. Sed nunc est, mollis non, cursus non, egestas a, dui.",
        "organisation": "Fusce PC",
        "title": "Ms."
    }
]
