[
	{
		"id": "44",
		"nameFirst": "Beverly",
		"nameLast": "Mcneil",
		"organization": "Diam Nunc Ltd",
		"biography": "Lorem ipsum dolor sit amet, consectetuer adipiscing elit. Curabitur sed",
		"picture": "assets/images/unknown.jpg",
		"twitterHandle": "",
		"links": { }, 
		"title" : ""
	},
	{
		"id": "45",
		"nameFirst": "Darius",
		"nameLast": "Beard",
		"organization": "Sed LLC",
		"biography": "Lorem ipsum dolor sit amet, consectetuer adipiscing elit.",
		"picture": "assets/images/unknown.jpg",
		"twitterHandle": "",
		"links": { }, 
		"title" : ""
	},
	{
		"id": "46",
		"nameFirst": "Shelby",
		"nameLast": "Barry",
		"organization": "Dictum Consulting",
		"biography": "Lorem ipsum dolor sit amet, consectetuer",
		"picture": "assets/images/unknown.jpg",
		"twitterHandle": "",
		"links": { }, 
		"title" : ""
	},
	{
		"id": "47",
		"nameFirst": "Nyssa",
		"nameLast": "Lamb",
		"organization": "Eu Nulla Consulting",
		"biography": "Lorem ipsum dolor sit",
		"picture": "assets/images/unknown.jpg",
		"twitterHandle": "",
		"links": { }, 
		"title" : ""
	},
	{
		"id": "48",
		"nameFirst": "Brielle",
		"nameLast": "Vega",
		"organization": "In Limited",
		"biography": "Lorem ipsum dolor",
		"picture": "assets/images/unknown.jpg",
		"twitterHandle": "",
		"links": { }, 
		"title" : ""
	},
	{
		"id": "49",
		"nameFirst": "Aristotle",
		"nameLast": "Cherry",
		"organization": "Nec Quam Limited",
		"biography": "Lorem ipsum dolor sit",
		"picture": "assets/images/unknown.jpg",
		"twitterHandle": "",
		"links": { }, 
		"title" : ""
	},
	{
		"id": "50",
		"nameFirst": "Hilary",
		"nameLast": "Mcdaniel",
		"organization": "Mauris Eu Corp.",
		"biography": "Lorem ipsum dolor sit amet, consectetuer adipiscing elit.",
		"picture": "assets/images/unknown.jpg",
		"twitterHandle": "",
		"links": { }, 
		"title" : ""
	},
	{
		"id": "51",
		"nameFirst": "Yoko",
		"nameLast": "Buchanan",
		"organization": "Mauris Nulla Consulting",
		"biography": "Lorem ipsum dolor",
		"picture": "assets/images/unknown.jpg",
		"twitterHandle": "",
		"links": { }, 
		"title" : ""
	},
	{
		"id": "52",
		"nameFirst": "Brenna",
		"nameLast": "Booth",
		"organization": "Facilisis Non Bibendum LLC",
		"biography": "Lorem ipsum dolor sit amet, consectetuer adipiscing",
		"picture": "assets/images/unknown.jpg",
		"twitterHandle": "",
		"links": { }, 
		"title" : ""
	},
	{
		"id": "53",
		"nameFirst": "Lunea",
		"nameLast": "Nielsen",
		"organization": "Mollis Industries",
		"biography": "Lorem ipsum",
		"picture": "assets/images/unknown.jpg",
		"twitterHandle": "",
		"links": { }, 
		"title" : ""
	},
	{
		"id": "54",
		"nameFirst": "Raja",
		"nameLast": "Perez",
		"organization": "Curabitur Incorporated",
		"biography": "Lorem ipsum dolor sit amet, consectetuer adipiscing elit. Curabitur",
		"picture": "assets/images/unknown.jpg",
		"twitterHandle": "",
		"links": { }, 
		"title" : ""
	},
	{
		"id": "55",
		"nameFirst": "Priscilla",
		"nameLast": "Wood",
		"organization": "Velit Foundation",
		"biography": "Lorem ipsum dolor",
		"picture": "assets/images/unknown.jpg",
		"twitterHandle": "",
		"links": { }, 
		"title" : ""
	},
	{
		"id": "56",
		"nameFirst": "Hayfa",
		"nameLast": "Wolfe",
		"organization": "Eu Eleifend Company",
		"biography": "Lorem ipsum dolor sit amet, consectetuer adipiscing elit. Curabitur sed",
		"picture": "assets/images/unknown.jpg",
		"twitterHandle": "",
		"links": { }, 
		"title" : ""
	},
	{
		"id": "57",
		"nameFirst": "Aspen",
		"nameLast": "Dorsey",
		"organization": "Posuere Enim Institute",
		"biography": "Lorem ipsum dolor sit amet, consectetuer adipiscing",
		"picture": "assets/images/unknown.jpg",
		"twitterHandle": "",
		"links": { }, 
		"title" : ""
	},
	{
		"id": "58",
		"nameFirst": "Randall",
		"nameLast": "Peterson",
		"organization": "Et Ltd",
		"biography": "Lorem ipsum dolor sit amet, consectetuer",
		"picture": "assets/images/unknown.jpg",
		"twitterHandle": "",
		"links": { }, 
		"title" : ""
	},
	{
		"id": "59",
		"nameFirst": "Octavia",
		"nameLast": "Olson",
		"organization": "Donec Luctus Consulting",
		"biography": "Lorem ipsum dolor sit amet, consectetuer adipiscing elit. Curabitur sed",
		"picture": "assets/images/unknown.jpg",
		"twitterHandle": "",
		"links": { }, 
		"title" : ""
	},
	{
		"id": "60",
		"nameFirst": "Sophia",
		"nameLast": "Rios",
		"organization": "Nullam PC",
		"biography": "Lorem ipsum dolor sit amet, consectetuer adipiscing elit. Curabitur",
		"picture": "assets/images/unknown.jpg",
		"twitterHandle": "",
		"links": { }, 
		"title" : ""
	},
	{
		"id": "61",
		"nameFirst": "Vernon",
		"nameLast": "Poole",
		"organization": "Mattis Integer Company",
		"biography": "Lorem ipsum dolor",
		"picture": "assets/images/unknown.jpg",
		"twitterHandle": "",
		"links": { }, 
		"title" : ""
	},
	{
		"id": "62",
		"nameFirst": "Cheyenne",
		"nameLast": "Mays",
		"organization": "Dapibus Ligula Aliquam Associates",
		"biography": "Lorem ipsum dolor",
		"picture": "assets/images/unknown.jpg",
		"twitterHandle": "",
		"links": { }, 
		"title" : ""
	},
	{
		"id": "63",
		"nameFirst": "Kylee",
		"nameLast": "Alford",
		"organization": "Egestas Lacinia Institute",
		"biography": "Lorem ipsum dolor sit amet, consectetuer",
		"picture": "assets/images/unknown.jpg",
		"twitterHandle": "",
		"links": { }, 
		"title" : ""
	},
	{
		"id": "64",
		"nameFirst": "Winter",
		"nameLast": "Ball",
		"organization": "Mauris Quis Turpis PC",
		"biography": "Lorem ipsum dolor sit amet, consectetuer adipiscing",
		"picture": "assets/images/unknown.jpg",
		"twitterHandle": "",
		"links": { }, 
		"title" : ""
	},
	{
		"id": "65",
		"nameFirst": "Urielle",
		"nameLast": "Roman",
		"organization": "Mauris Nulla Integer Corp.",
		"biography": "Lorem ipsum dolor sit amet, consectetuer adipiscing elit. Curabitur",
		"picture": "assets/images/unknown.jpg",
		"twitterHandle": "",
		"links": { }, 
		"title" : ""
	},
	{
		"id": "66",
		"nameFirst": "Channing",
		"nameLast": "Hayes",
		"organization": "Mollis Lectus LLP",
		"biography": "Lorem ipsum dolor sit amet, consectetuer adipiscing elit. Curabitur",
		"picture": "assets/images/unknown.jpg",
		"twitterHandle": "",
		"links": { }, 
		"title" : ""
	},
	{
		"id": "67",
		"nameFirst": "Josiah",
		"nameLast": "Kent",
		"organization": "Etiam Gravida Company",
		"biography": "Lorem ipsum dolor sit amet, consectetuer adipiscing",
		"picture": "assets/images/unknown.jpg",
		"twitterHandle": "",
		"links": { }, 
		"title" : ""
	},
	{
		"id": "68",
		"nameFirst": "Ignacia",
		"nameLast": "Gonzalez",
		"organization": "Quis Turpis Vitae Corporation",
		"biography": "Lorem ipsum dolor sit amet, consectetuer adipiscing elit. Curabitur",
		"picture": "assets/images/unknown.jpg",
		"twitterHandle": "",
		"links": { }, 
		"title" : ""
	},
	{
		"id": "69",
		"nameFirst": "Keely",
		"nameLast": "Puckett",
		"organization": "Dictum Phasellus Limited",
		"biography": "Lorem ipsum dolor sit amet, consectetuer adipiscing elit.",
		"picture": "assets/images/unknown.jpg",
		"twitterHandle": "",
		"links": { }, 
		"title" : ""
	},
	{
		"id": "70",
		"nameFirst": "Mona",
		"nameLast": "Prince",
		"organization": "Mollis Lectus LLC",
		"biography": "Lorem ipsum dolor sit amet,",
		"picture": "assets/images/unknown.jpg",
		"twitterHandle": "",
		"links": { }, 
		"title" : ""
	},
	{
		"id": "71",
		"nameFirst": "Virginia",
		"nameLast": "Hebert",
		"organization": "Justo PC",
		"biography": "Lorem ipsum dolor sit amet, consectetuer adipiscing elit. Curabitur",
		"picture": "assets/images/unknown.jpg",
		"twitterHandle": "",
		"links": { }, 
		"title" : ""
	},
	{
		"id": "72",
		"nameFirst": "Hayes",
		"nameLast": "Landry",
		"organization": "Enim Institute",
		"biography": "Lorem ipsum dolor sit",
		"picture": "assets/images/unknown.jpg",
		"twitterHandle": "",
		"links": { }, 
		"title" : ""
	},
	{
		"id": "73",
		"nameFirst": "Gay",
		"nameLast": "Sandoval",
		"organization": "Feugiat LLC",
		"biography": "Lorem ipsum dolor sit amet, consectetuer adipiscing elit.",
		"picture": "assets/images/unknown.jpg",
		"twitterHandle": "",
		"links": { }, 
		"title" : ""
	},
	{
		"id": "74",
		"nameFirst": "Yen",
		"nameLast": "Joyner",
		"organization": "Accumsan Associates",
		"biography": "Lorem ipsum dolor sit",
		"picture": "assets/images/unknown.jpg",
		"twitterHandle": "",
		"links": { }, 
		"title" : ""
	},
	{
		"id": "75",
		"nameFirst": "Ronan",
		"nameLast": "Haley",
		"organization": "Mauris A Company",
		"biography": "Lorem ipsum dolor sit",
		"picture": "assets/images/unknown.jpg",
		"twitterHandle": "",
		"links": { }, 
		"title" : ""
	},
	{
		"id": "76",
		"nameFirst": "Allegra",
		"nameLast": "Morrison",
		"organization": "Leo Vivamus PC",
		"biography": "Lorem ipsum dolor sit amet, consectetuer",
		"picture": "assets/images/unknown.jpg",
		"twitterHandle": "",
		"links": { }, 
		"title" : ""
	},
	{
		"id": "77",
		"nameFirst": "Carolyn",
		"nameLast": "Moon",
		"organization": "Aliquet Inc.",
		"biography": "Lorem ipsum dolor sit amet, consectetuer adipiscing elit. Curabitur sed",
		"picture": "assets/images/unknown.jpg",
		"twitterHandle": "",
		"links": { }, 
		"title" : ""
	},
	{
		"id": "78",
		"nameFirst": "Upton",
		"nameLast": "Weeks",
		"organization": "Dolor Dolor Tempus Foundation",
		"biography": "Lorem ipsum dolor sit amet, consectetuer adipiscing elit. Curabitur",
		"picture": "assets/images/unknown.jpg",
		"twitterHandle": "",
		"links": { }, 
		"title" : ""
	},
	{
		"id": "79",
		"nameFirst": "Dillon",
		"nameLast": "Graham",
		"organization": "Nonummy Associates",
		"biography": "Lorem ipsum dolor sit amet,",
		"picture": "assets/images/unknown.jpg",
		"twitterHandle": "",
		"links": { }, 
		"title" : ""
	},
	{
		"id": "80",
		"nameFirst": "Carol",
		"nameLast": "Patrick",
		"organization": "Mollis Phasellus Libero Incorporated",
		"biography": "Lorem ipsum dolor sit amet, consectetuer",
		"picture": "assets/images/unknown.jpg",
		"twitterHandle": "",
		"links": { }, 
		"title" : ""
	},
	{
		"id": "81",
		"nameFirst": "Amethyst",
		"nameLast": "Gutierrez",
		"organization": "Nunc LLP",
		"biography": "Lorem ipsum dolor sit amet, consectetuer",
		"picture": "assets/images/unknown.jpg",
		"twitterHandle": "",
		"links": { }, 
		"title" : ""
	},
	{
		"id": "82",
		"nameFirst": "Omar",
		"nameLast": "Bean",
		"organization": "Montes Foundation",
		"biography": "Lorem ipsum dolor sit amet, consectetuer adipiscing",
		"picture": "assets/images/unknown.jpg",
		"twitterHandle": "",
		"links": { }, 
		"title" : ""
	},
	{
		"id": "83",
		"nameFirst": "Griffith",
		"nameLast": "Ross",
		"organization": "Lorem Semper Limited",
		"biography": "Lorem ipsum dolor sit amet, consectetuer adipiscing",
		"picture": "assets/images/unknown.jpg",
		"twitterHandle": "",
		"links": { }, 
		"title" : ""
	},
	{
		"id": "84",
		"nameFirst": "Rachel",
		"nameLast": "Stuart",
		"organization": "Vel Sapien LLC",
		"biography": "Lorem ipsum dolor sit amet, consectetuer",
		"picture": "assets/images/unknown.jpg",
		"twitterHandle": "",
		"links": { }, 
		"title" : ""
	},
	{
		"id": "85",
		"nameFirst": "Oleg",
		"nameLast": "Watson",
		"organization": "Metus Eu Corp.",
		"biography": "Lorem ipsum dolor sit amet, consectetuer adipiscing elit. Curabitur",
		"picture": "assets/images/unknown.jpg",
		"twitterHandle": "",
		"links": { }, 
		"title" : ""
	},
	{
		"id": "86",
		"nameFirst": "Evangeline",
		"nameLast": "Ortega",
		"organization": "Laoreet LLC",
		"biography": "Lorem ipsum dolor",
		"picture": "assets/images/unknown.jpg",
		"twitterHandle": "",
		"links": { }, 
		"title" : ""
	},
	{
		"id": "87",
		"nameFirst": "Noelani",
		"nameLast": "Ellis",
		"organization": "Nonummy Fusce Fermentum Limited",
		"biography": "Lorem ipsum dolor sit amet, consectetuer adipiscing elit.",
		"picture": "assets/images/unknown.jpg",
		"twitterHandle": "",
		"links": { }, 
		"title" : ""
	},
	{
		"id": "88",
		"nameFirst": "Sydnee",
		"nameLast": "Briggs",
		"organization": "Adipiscing Institute",
		"biography": "Lorem ipsum dolor",
		"picture": "assets/images/unknown.jpg",
		"twitterHandle": "",
		"links": { }, 
		"title" : ""
	},
	{
		"id": "89",
		"nameFirst": "Simone",
		"nameLast": "Jarvis",
		"organization": "Curabitur Corporation",
		"biography": "Lorem ipsum dolor",
		"picture": "assets/images/unknown.jpg",
		"twitterHandle": "",
		"links": { }, 
		"title" : ""
	},
	{
		"id": "90",
		"nameFirst": "Zeph",
		"nameLast": "Shields",
		"organization": "Donec Incorporated",
		"biography": "Lorem ipsum",
		"picture": "assets/images/unknown.jpg",
		"twitterHandle": "",
		"links": { }, 
		"title" : ""
	},
	{
		"id": "91",
		"nameFirst": "Kylie",
		"nameLast": "Mccullough",
		"organization": "Ante Nunc Mauris Inc.",
		"biography": "Lorem ipsum dolor sit amet, consectetuer adipiscing elit.",
		"picture": "assets/images/unknown.jpg",
		"twitterHandle": "",
		"links": { }, 
		"title" : ""
	},
	{
		"id": "92",
		"nameFirst": "Sophia",
		"nameLast": "Mclaughlin",
		"organization": "Enim Consulting",
		"biography": "Lorem ipsum dolor sit amet, consectetuer adipiscing elit.",
		"picture": "assets/images/unknown.jpg",
		"twitterHandle": "",
		"links": { }, 
		"title" : ""
	},
	{
		"id": "93",
		"nameFirst": "Hollee",
		"nameLast": "Hayden",
		"organization": "Eu Eros Nam Corp.",
		"biography": "Lorem ipsum dolor sit amet,",
		"picture": "assets/images/unknown.jpg",
		"twitterHandle": "",
		"links": { }, 
		"title" : ""
	},
	{
		"id": "94",
		"nameFirst": "Kai",
		"nameLast": "Sears",
		"organization": "Ullamcorper Viverra Consulting",
		"biography": "Lorem ipsum dolor sit amet, consectetuer",
		"picture": "assets/images/unknown.jpg",
		"twitterHandle": "",
		"links": { }, 
		"title" : ""
	},
	{
		"id": "95",
		"nameFirst": "Zena",
		"nameLast": "Armstrong",
		"organization": "Erat Nonummy Ultricies Incorporated",
		"biography": "Lorem ipsum dolor sit amet, consectetuer adipiscing elit.",
		"picture": "assets/images/unknown.jpg",
		"twitterHandle": "",
		"links": { }, 
		"title" : ""
	},
	{
		"id": "96",
		"nameFirst": "Genevieve",
		"nameLast": "Hooper",
		"organization": "Nulla Ante Corp.",
		"biography": "Lorem ipsum dolor sit amet, consectetuer adipiscing elit. Curabitur sed",
		"picture": "assets/images/unknown.jpg",
		"twitterHandle": "",
		"links": { }, 
		"title" : ""
	},
	{
		"id": "97",
		"nameFirst": "Kane",
		"nameLast": "Nelson",
		"organization": "Malesuada Vel Associates",
		"biography": "Lorem ipsum dolor",
		"picture": "assets/images/unknown.jpg",
		"twitterHandle": "",
		"links": { }, 
		"title" : ""
	},
	{
		"id": "98",
		"nameFirst": "Dominique",
		"nameLast": "Dotson",
		"organization": "Id Enim Company",
		"biography": "Lorem ipsum dolor sit amet, consectetuer adipiscing elit.",
		"picture": "assets/images/unknown.jpg",
		"twitterHandle": "",
		"links": { }, 
		"title" : ""
	},
	{
		"id": "99",
		"nameFirst": "Jerome",
		"nameLast": "Vaughn",
		"organization": "Quisque Porttitor Eros Ltd",
		"biography": "Lorem ipsum dolor sit amet, consectetuer adipiscing elit. Curabitur sed",
		"picture": "assets/images/unknown.jpg",
		"twitterHandle": "",
		"links": { }, 
		"title" : ""
	},
	{
		"id": "100",
		"nameFirst": "Odysseus",
		"nameLast": "Washington",
		"organization": "A Industries",
		"biography": "Lorem ipsum",
		"picture": "assets/images/unknown.jpg",
		"twitterHandle": "",
		"links": { }, 
		"title" : ""
	},
	{
		"id": "101",
		"nameFirst": "Dylan",
		"nameLast": "Duncan",
		"organization": "In At Limited",
		"biography": "Lorem ipsum dolor sit amet, consectetuer adipiscing elit.",
		"picture": "assets/images/unknown.jpg",
		"twitterHandle": "",
		"links": { }, 
		"title" : ""
	},
	{
		"id": "102",
		"nameFirst": "Mira",
		"nameLast": "Hensley",
		"organization": "Purus Maecenas Libero Company",
		"biography": "Lorem ipsum dolor sit amet, consectetuer",
		"picture": "assets/images/unknown.jpg",
		"twitterHandle": "",
		"links": { }, 
		"title" : ""
	},
	{
		"id": "103",
		"nameFirst": "Jacob",
		"nameLast": "Middleton",
		"organization": "Felis Orci Inc.",
		"biography": "Lorem ipsum dolor sit amet, consectetuer adipiscing elit. Curabitur",
		"picture": "assets/images/unknown.jpg",
		"twitterHandle": "",
		"links": { }, 
		"title" : ""
	},
	{
		"id": "104",
		"nameFirst": "Mallory",
		"nameLast": "Hess",
		"organization": "Ornare Company",
		"biography": "Lorem ipsum",
		"picture": "assets/images/unknown.jpg",
		"twitterHandle": "",
		"links": { }, 
		"title" : ""
	},
	{
		"id": "105",
		"nameFirst": "Imelda",
		"nameLast": "Cline",
		"organization": "Ligula Consectetuer Rhoncus Industries",
		"biography": "Lorem ipsum dolor sit amet, consectetuer",
		"picture": "assets/images/unknown.jpg",
		"twitterHandle": "",
		"links": { }, 
		"title" : ""
	},
	{
		"id": "106",
		"nameFirst": "Wyatt",
		"nameLast": "Hensley",
		"organization": "Eleifend Nunc Corporation",
		"biography": "Lorem ipsum dolor sit amet, consectetuer",
		"picture": "assets/images/unknown.jpg",
		"twitterHandle": "",
		"links": { }, 
		"title" : ""
	},
	{
		"id": "107",
		"nameFirst": "Lane",
		"nameLast": "Fischer",
		"organization": "Vitae Risus Duis LLP",
		"biography": "Lorem ipsum dolor sit amet, consectetuer adipiscing elit.",
		"picture": "assets/images/unknown.jpg",
		"twitterHandle": "",
		"links": { }, 
		"title" : ""
	},
	{
		"id": "108",
		"nameFirst": "MacKenzie",
		"nameLast": "Whitaker",
		"organization": "Dui Lectus Rutrum Corp.",
		"biography": "Lorem ipsum dolor sit amet,",
		"picture": "assets/images/unknown.jpg",
		"twitterHandle": "",
		"links": { }, 
		"title" : ""
	},
	{
		"id": "109",
		"nameFirst": "Dale",
		"nameLast": "Lindsay",
		"organization": "Odio Aliquam Vulputate Consulting",
		"biography": "Lorem ipsum dolor sit",
		"picture": "assets/images/unknown.jpg",
		"twitterHandle": "",
		"links": { }, 
		"title" : ""
	},
	{
		"id": "110",
		"nameFirst": "Hayden",
		"nameLast": "Bolton",
		"organization": "Mauris Suspendisse LLC",
		"biography": "Lorem ipsum dolor sit",
		"picture": "assets/images/unknown.jpg",
		"twitterHandle": "",
		"links": { }, 
		"title" : ""
	},
	{
		"id": "111",
		"nameFirst": "Quynn",
		"nameLast": "Mcconnell",
		"organization": "Amet Faucibus Ut Industries",
		"biography": "Lorem ipsum dolor sit amet, consectetuer adipiscing elit. Curabitur",
		"picture": "assets/images/unknown.jpg",
		"twitterHandle": "",
		"links": { }, 
		"title" : ""
	},
	{
		"id": "112",
		"nameFirst": "Kareem",
		"nameLast": "Carroll",
		"organization": "Sed Pede Nec LLP",
		"biography": "Lorem ipsum dolor sit",
		"picture": "assets/images/unknown.jpg",
		"twitterHandle": "",
		"links": { }, 
		"title" : ""
	},
	{
		"id": "113",
		"nameFirst": "Lila",
		"nameLast": "Webster",
		"organization": "Imperdiet Non Associates",
		"biography": "Lorem ipsum dolor sit",
		"picture": "assets/images/unknown.jpg",
		"twitterHandle": "",
		"links": { }, 
		"title" : ""
	},
	{
		"id": "114",
		"nameFirst": "Silas",
		"nameLast": "Jensen",
		"organization": "Ut Corporation",
		"biography": "Lorem ipsum dolor sit amet,",
		"picture": "assets/images/unknown.jpg",
		"twitterHandle": "",
		"links": { }, 
		"title" : ""
	},
	{
		"id": "115",
		"nameFirst": "Imelda",
		"nameLast": "Patrick",
		"organization": "Id Foundation",
		"biography": "Lorem ipsum dolor sit amet, consectetuer",
		"picture": "assets/images/unknown.jpg",
		"twitterHandle": "",
		"links": { }, 
		"title" : ""
	},
	{
		"id": "116",
		"nameFirst": "Jacqueline",
		"nameLast": "Hensley",
		"organization": "Scelerisque Lorem Ltd",
		"biography": "Lorem ipsum dolor sit amet,",
		"picture": "assets/images/unknown.jpg",
		"twitterHandle": "",
		"links": { }, 
		"title" : ""
	},
	{
		"id": "117",
		"nameFirst": "Brent",
		"nameLast": "Collins",
		"organization": "Et Euismod Et Foundation",
		"biography": "Lorem ipsum",
		"picture": "assets/images/unknown.jpg",
		"twitterHandle": "",
		"links": { }, 
		"title" : ""
	},
	{
		"id": "118",
		"nameFirst": "Graiden",
		"nameLast": "Chase",
		"organization": "Duis Mi Associates",
		"biography": "Lorem ipsum dolor sit amet,",
		"picture": "assets/images/unknown.jpg",
		"twitterHandle": "",
		"links": { }, 
		"title" : ""
	},
	{
		"id": "119",
		"nameFirst": "Emily",
		"nameLast": "Conrad",
		"organization": "Sit Institute",
		"biography": "Lorem ipsum dolor sit amet, consectetuer adipiscing elit. Curabitur sed",
		"picture": "assets/images/unknown.jpg",
		"twitterHandle": "",
		"links": { }, 
		"title" : ""
	},
	{
		"id": "120",
		"nameFirst": "Jasper",
		"nameLast": "Rosales",
		"organization": "Vulputate Corporation",
		"biography": "Lorem ipsum",
		"picture": "assets/images/unknown.jpg",
		"twitterHandle": "",
		"links": { }, 
		"title" : ""
	},
	{
		"id": "121",
		"nameFirst": "Denton",
		"nameLast": "Weaver",
		"organization": "Odio A Associates",
		"biography": "Lorem ipsum dolor sit amet, consectetuer adipiscing elit. Curabitur",
		"picture": "assets/images/unknown.jpg",
		"twitterHandle": "",
		"links": { }, 
		"title" : ""
	},
	{
		"id": "122",
		"nameFirst": "Giselle",
		"nameLast": "Keller",
		"organization": "Lorem Institute",
		"biography": "Lorem ipsum dolor sit",
		"picture": "assets/images/unknown.jpg",
		"twitterHandle": "",
		"links": { }, 
		"title" : ""
	},
	{
		"id": "123",
		"nameFirst": "George",
		"nameLast": "Wynn",
		"organization": "Arcu PC",
		"biography": "Lorem ipsum dolor sit amet, consectetuer adipiscing elit.",
		"picture": "assets/images/unknown.jpg",
		"twitterHandle": "",
		"links": { }, 
		"title" : ""
	},
	{
		"id": "124",
		"nameFirst": "Hedy",
		"nameLast": "Yang",
		"organization": "Nulla PC",
		"biography": "Lorem ipsum dolor sit amet, consectetuer adipiscing elit.",
		"picture": "assets/images/unknown.jpg",
		"twitterHandle": "",
		"links": { }, 
		"title" : ""
	},
	{
		"id": "125",
		"nameFirst": "Fay",
		"nameLast": "Gordon",
		"organization": "Luctus Institute",
		"biography": "Lorem ipsum dolor sit amet, consectetuer adipiscing elit. Curabitur",
		"picture": "assets/images/unknown.jpg",
		"twitterHandle": "",
		"links": { }, 
		"title" : ""
	},
	{
		"id": "126",
		"nameFirst": "Brielle",
		"nameLast": "Torres",
		"organization": "A Purus Institute",
		"biography": "Lorem ipsum dolor sit amet, consectetuer",
		"picture": "assets/images/unknown.jpg",
		"twitterHandle": "",
		"links": { }, 
		"title" : ""
	},
	{
		"id": "127",
		"nameFirst": "Kay",
		"nameLast": "Mcclain",
		"organization": "Pede Blandit Congue Ltd",
		"biography": "Lorem ipsum dolor sit amet, consectetuer adipiscing elit. Curabitur",
		"picture": "assets/images/unknown.jpg",
		"twitterHandle": "",
		"links": { }, 
		"title" : ""
	},
	{
		"id": "128",
		"nameFirst": "Anika",
		"nameLast": "Dunlap",
		"organization": "Dolor Fusce Incorporated",
		"biography": "Lorem ipsum dolor sit amet, consectetuer adipiscing elit. Curabitur sed",
		"picture": "assets/images/unknown.jpg",
		"twitterHandle": "",
		"links": { }, 
		"title" : ""
	},
	{
		"id": "129",
		"nameFirst": "Beatrice",
		"nameLast": "Mccullough",
		"organization": "Ullamcorper LLP",
		"biography": "Lorem ipsum dolor sit amet, consectetuer adipiscing elit.",
		"picture": "assets/images/unknown.jpg",
		"twitterHandle": "",
		"links": { }, 
		"title" : ""
	},
	{
		"id": "130",
		"nameFirst": "Veda",
		"nameLast": "Rocha",
		"organization": "Amet Ultricies Sem PC",
		"biography": "Lorem ipsum dolor sit amet, consectetuer adipiscing elit. Curabitur sed",
		"picture": "assets/images/unknown.jpg",
		"twitterHandle": "",
		"links": { }, 
		"title" : ""
	},
	{
		"id": "131",
		"nameFirst": "Kenneth",
		"nameLast": "Dyer",
		"organization": "Porttitor Company",
		"biography": "Lorem ipsum dolor sit amet, consectetuer adipiscing elit. Curabitur sed",
		"picture": "assets/images/unknown.jpg",
		"twitterHandle": "",
		"links": { }, 
		"title" : ""
	},
	{
		"id": "132",
		"nameFirst": "Camille",
		"nameLast": "Brady",
		"organization": "Morbi Accumsan LLC",
		"biography": "Lorem ipsum dolor sit amet, consectetuer adipiscing elit. Curabitur",
		"picture": "assets/images/unknown.jpg",
		"twitterHandle": "",
		"links": { }, 
		"title" : ""
	},
	{
		"id": "133",
		"nameFirst": "Camille",
		"nameLast": "Cline",
		"organization": "Aliquam Gravida Mauris Associates",
		"biography": "Lorem ipsum dolor sit amet,",
		"picture": "assets/images/unknown.jpg",
		"twitterHandle": "",
		"links": { }, 
		"title" : ""
	},
	{
		"id": "134",
		"nameFirst": "Perry",
		"nameLast": "Bender",
		"organization": "Etiam Gravida Corp.",
		"biography": "Lorem ipsum dolor sit",
		"picture": "assets/images/unknown.jpg",
		"twitterHandle": "",
		"links": { }, 
		"title" : ""
	},
	{
		"id": "135",
		"nameFirst": "Ivana",
		"nameLast": "Branch",
		"organization": "A Neque Nullam Corporation",
		"biography": "Lorem ipsum dolor sit amet, consectetuer",
		"picture": "assets/images/unknown.jpg",
		"twitterHandle": "",
		"links": { }, 
		"title" : ""
	},
	{
		"id": "136",
		"nameFirst": "Tanek",
		"nameLast": "Sullivan",
		"organization": "Pellentesque Associates",
		"biography": "Lorem ipsum dolor",
		"picture": "assets/images/unknown.jpg",
		"twitterHandle": "",
		"links": { }, 
		"title" : ""
	},
	{
		"id": "137",
		"nameFirst": "Alexander",
		"nameLast": "Wiggins",
		"organization": "Lobortis Quam A Foundation",
		"biography": "Lorem ipsum dolor sit amet, consectetuer adipiscing",
		"picture": "assets/images/unknown.jpg",
		"twitterHandle": "",
		"links": { }, 
		"title" : ""
	},
	{
		"id": "138",
		"nameFirst": "Callum",
		"nameLast": "Nicholson",
		"organization": "Odio Company",
		"biography": "Lorem ipsum",
		"picture": "assets/images/unknown.jpg",
		"twitterHandle": "",
		"links": { }, 
		"title" : ""
	},
	{
		"id": "139",
		"nameFirst": "Aurora",
		"nameLast": "Savage",
		"organization": "Nulla Corp.",
		"biography": "Lorem ipsum dolor sit amet, consectetuer adipiscing elit.",
		"picture": "assets/images/unknown.jpg",
		"twitterHandle": "",
		"links": { }, 
		"title" : ""
	},
	{
		"id": "140",
		"nameFirst": "Morgan",
		"nameLast": "Carney",
		"organization": "Elit A Industries",
		"biography": "Lorem ipsum dolor sit amet,",
		"picture": "assets/images/unknown.jpg",
		"twitterHandle": "",
		"links": { }, 
		"title" : ""
	},
	{
		"id": "141",
		"nameFirst": "Jakeem",
		"nameLast": "Estes",
		"organization": "Lacus Quisque Corporation",
		"biography": "Lorem ipsum dolor sit amet, consectetuer",
		"picture": "assets/images/unknown.jpg",
		"twitterHandle": "",
		"links": { }, 
		"title" : ""
	},
	{
		"id": "142",
		"nameFirst": "Dane",
		"nameLast": "Valentine",
		"organization": "Sed Dictum Proin Industries",
		"biography": "Lorem ipsum dolor sit",
		"picture": "assets/images/unknown.jpg",
		"twitterHandle": "",
		"links": { }, 
		"title" : ""
	},
	{
		"id": "143",
		"nameFirst": "Kaitlin",
		"nameLast": "Hunter",
		"organization": "Felis Donec Limited",
		"biography": "Lorem ipsum dolor sit amet, consectetuer adipiscing elit. Curabitur sed",
		"picture": "assets/images/unknown.jpg",
		"twitterHandle": "",
		"links": { }, 
		"title" : ""
	}
]
